Name,RelativePath,DVFS,Note,ContentSubcategory,Timeout,Core_Atom,Core_Big,Core_KL
DH28-1Aught-B7AY-1C10000F,ARL8B32A,FALSE,Regular,H,18,TRUE,TRUE,Don't Care
DH28-1Charyb-BMG-1C1000F1,ARL8B32A,FALSE,Regular,H,18,TRUE,TRUE,Don't Care
DH28-1Charyb-BFX-1C1000F2,ARL8B32A,FALSE,Regular; VMX,H,18,TRUE,TRUE,Don't Care
DH28-1Charyb-BFY-1C1000F3,ARL8B32A,FALSE,Decap,H,18,TRUE,TRUE,Don't Care
DH28-1DittoC-GX-1C100113,ARL8B32A,FALSE,Regular,H,18,TRUE,TRUE,Don't Care
DH28-1Eclipse-1C100123,ARL8B32A,FALSE,Decap,H,18,TRUE,TRUE,Don't Care
DH28-1FireC-Y-1C100124,ARL8B32A,FALSE,Regular; VMX,H,18,TRUE,TRUE,Don't Care
DH28-1FireC-X-1C100125,ARL8B32A,FALSE,Regular; VMX,H,18,TRUE,TRUE,Don't Care
DH28-1Fissure-M-1C100135,ARL8B32A,FALSE,Regular,H,18,TRUE,TRUE,Don't Care
DH28-1FrenzyC-Y-1C100182,ARL8B32A,FALSE,Decap,H,18,TRUE,TRUE,Don't Care
DH28-1FrenzyC-X-1C100181,ARL8B32A,FALSE,Regular; VMX,H,18,TRUE,TRUE,Don't Care
DH28-1FRMC-Y-1C1001BF,ARL8B32A,FALSE,Regular,H,18,TRUE,TRUE,Don't Care
DH28-1Geode-RF-1C1001CF,ARL8B32A,FALSE,Regular,H,18,TRUE,TRUE,Don't Care
DH28-1LeekC-Y-1C1001E0,ARL8B32A,FALSE,Decap,H,18,TRUE,TRUE,Don't Care
DH28-1LeekC-X-1C1001DF,ARL8B32A,FALSE,Decap,H,18,TRUE,TRUE,Don't Care
DH28-Aes-DY-1C100000,ARL8B32A,FALSE,Regular,H,18,TRUE,TRUE,Don't Care
DH28-Blender-X1J-1C100010,ARL8B32A,FALSE,Decap,H,18,TRUE,TRUE,Don't Care
DH28-Blender-Y1J-1C100011,ARL8B32A,FALSE,Regular,H,18,TRUE,TRUE,Don't Care
DH28-Blender-A1J-1C100012,ARL8B32A,FALSE,Regular; VMX,H,18,TRUE,TRUE,Don't Care
DH28-Blender-X1J-1C100013,ARL8B32A,FALSE,Regular,H,18,TRUE,TRUE,Don't Care
DH28-Blender-Y1J-1C100014,ARL8B32A,FALSE,Decap,H,18,TRUE,TRUE,Don't Care
DH28-Blender-A1J-1C100015,ARL8B32A,FALSE,Decap,H,18,TRUE,TRUE,Don't Care
DH28-Blender-A1J-1C100016,ARL8B32A,FALSE,Regular,H,18,TRUE,TRUE,Don't Care
DH28-Blender-A1J-1C100017,ARL8B32A,FALSE,Regular,H,18,TRUE,TRUE,Don't Care
DH28-Blender-Y1J-1C100018,ARL8B32A,FALSE,Regular,H,18,TRUE,TRUE,Don't Care
DH28-Blender-X1J-1C100019,ARL8B32A,FALSE,Regular,H,18,TRUE,TRUE,Don't Care
DH28-Blender-A1J-1C10001A,ARL8B32A,FALSE,Regular; VMX,H,18,TRUE,TRUE,Don't Care
DH28-Blender-A1J-1C10001B,ARL8B32A,FALSE,Decap,H,18,TRUE,TRUE,Don't Care
DH28-Blender-Y1J-1C10001C,ARL8B32A,FALSE,Regular,H,18,TRUE,TRUE,Don't Care
DH28-Blender-Y1J-1C10001D,ARL8B32A,FALSE,Regular,H,18,TRUE,TRUE,Don't Care
DH28-Blender-A1J-1C10001E,ARL8B32A,FALSE,Regular; VMX,H,18,TRUE,TRUE,Don't Care
DH28-Ditto-GCAG-1C1000F6,ARL8B32A,FALSE,Regular; VMX,H,18,TRUE,TRUE,Don't Care
DH28-Ditto-SCCG-1C1000F5,ARL8B32A,FALSE,Regular,H,18,TRUE,TRUE,Don't Care
DH28-DittoMT-CG-1C100114,ARL8B32A,FALSE,Decap,H,18,TRUE,TRUE,Don't Care
DH28-Fireworx-Y-1C100126,ARL8B32A,FALSE,Regular,H,18,TRUE,TRUE,Don't Care
DH28-Flipper-1C100136,ARL8B32A,FALSE,Regular,H,18,TRUE,TRUE,Don't Care
DH28-Frenzy-Y-1C100148,ARL8B32A,FALSE,Regular,H,18,TRUE,TRUE,Don't Care
DH28-Frenzy-Y-1C100145,ARL8B32A,FALSE,Regular; VMX,H,18,TRUE,TRUE,Don't Care
DH28-Frenzy-Y-1C100146,ARL8B32A,FALSE,Regular,H,18,TRUE,TRUE,Don't Care
DH28-Frenzy-X-1C100147,ARL8B32A,FALSE,Decap; VMX,H,18,TRUE,TRUE,Don't Care
DH28-FRM-AddSY-1C100184,ARL8B32A,FALSE,Regular,H,18,TRUE,TRUE,Don't Care
DH28-FRM-DivSY-1C100185,ARL8B32A,FALSE,Regular,H,18,TRUE,TRUE,Don't Care
DH28-FRM-MMulHSY-1C100186,ARL8B32A,FALSE,Regular; VMX,H,18,TRUE,TRUE,Don't Care
DH28-FRM-ScatrSY-1C100183,ARL8B32A,FALSE,Regular,H,18,TRUE,TRUE,Don't Care
DH28-Fuso-1C1001C0,ARL8B32A,FALSE,Regular; VMX,H,18,TRUE,TRUE,Don't Care
DH28-Kawachi-1C1001D0,ARL8B32A,FALSE,Regular; VMX,H,18,TRUE,TRUE,Don't Care
DH28-LeekSpin-Y-1C1001E2,ARL8B32A,FALSE,Decap,H,18,TRUE,TRUE,Don't Care
DH28-LeekSpin-X-1C1001E1,ARL8B32A,FALSE,Regular,H,18,TRUE,TRUE,Don't Care
DH28-Millet-RG-1C1001FF,ARL8B32A,FALSE,Regular; VMX,H,18,TRUE,TRUE,Don't Care
DH28-Oakley-LegX-1C10020E,ARL8B32A,FALSE,Decap,H,18,TRUE,TRUE,Don't Care
DH28-PlusOne-Mhd-1C10022C,ARL8B32A,FALSE,Regular,H,18,TRUE,TRUE,Don't Care
DH28-Satsuma-Y-1C100246,ARL8B32A,FALSE,Regular,H,18,TRUE,TRUE,Don't Care
DH28-Scylla-BMG-1C100258,ARL8B32A,FALSE,Regular,H,18,TRUE,TRUE,Don't Care
DH28-Scylla-SBFX-1C100255,ARL8B32A,FALSE,Regular; VMX,H,18,TRUE,TRUE,Don't Care
DH28-Scylla-BFY-1C100256,ARL8B32A,FALSE,Regular,H,18,TRUE,TRUE,Don't Care
DH28-Scylla-SBFY-1C100257,ARL8B32A,FALSE,Regular,H,18,TRUE,TRUE,Don't Care
DH28-Skipper-Y-1C100291,ARL8B32A,FALSE,Regular,H,18,TRUE,TRUE,Don't Care
DH28-Twiddle-Y-1C1002A0,ARL8B32A,FALSE,Regular,H,18,TRUE,TRUE,Don't Care
DH28-Yakko-PdY-1C1002B0,ARL8B32A,FALSE,Regular,H,18,TRUE,TRUE,Don't Care
DH28-Yakko-MsY-1C1002AF,ARL8B32A,FALSE,Regular,H,18,TRUE,TRUE,Don't Care
DH28-Aes-FY-1C100001,ARL8B32A,FALSE,Regular,H,18,TRUE,TRUE,Don't Care
DH28-Blender-A1J-1C10001F,ARL8B32A,FALSE,Decap,H,18,TRUE,TRUE,Don't Care
DH28-Blender-Y1J-1C100020,ARL8B32A,FALSE,Decap,H,18,TRUE,TRUE,Don't Care
DH28-Blender-A1J-1C100021,ARL8B32A,FALSE,Regular,H,18,TRUE,TRUE,Don't Care
DH28-Blender-A1J-1C100022,ARL8B32A,FALSE,Regular,H,18,TRUE,TRUE,Don't Care
DH28-Blender-A1J-1C100023,ARL8B32A,FALSE,Regular,H,18,TRUE,TRUE,Don't Care
DH28-Blender-Y1J-1C100024,ARL8B32A,FALSE,Regular,H,18,TRUE,TRUE,Don't Care
DH28-Blender-X1J-1C100025,ARL8B32A,FALSE,Regular,H,18,TRUE,TRUE,Don't Care
DH28-Blender-A1J-1C100026,ARL8B32A,FALSE,Regular,H,18,TRUE,TRUE,Don't Care
DH28-Blender-A1J-1C100027,ARL8B32A,FALSE,Decap,H,18,TRUE,TRUE,Don't Care
DH28-Blender-A1J-1C100028,ARL8B32A,FALSE,Regular,H,18,TRUE,TRUE,Don't Care
DH28-Blender-Y1J-1C100029,ARL8B32A,FALSE,Regular; VMX,H,18,TRUE,TRUE,Don't Care
DH28-Blender-X1J-1C10002A,ARL8B32A,FALSE,Regular; VMX,H,18,TRUE,TRUE,Don't Care
DH28-Blender-X1J-1C10002B,ARL8B32A,FALSE,Regular,H,18,TRUE,TRUE,Don't Care
DH28-Blender-A1J-1C10002C,ARL8B32A,FALSE,Decap,H,18,TRUE,TRUE,Don't Care
DH28-Blender-Y1J-1C10002D,ARL8B32A,FALSE,Decap,H,18,TRUE,TRUE,Don't Care
DH28-Ditto-OZAG-1C1000F8,ARL8B32A,FALSE,Regular,H,18,TRUE,TRUE,Don't Care
DH28-Ditto-GCCG-1C1000F7,ARL8B32A,FALSE,Regular,H,18,TRUE,TRUE,Don't Care
DH28-DittoMT-CG-1C100115,ARL8B32A,FALSE,Regular,H,18,TRUE,TRUE,Don't Care
DH28-Fireworx-Y-1C100127,ARL8B32A,FALSE,Regular,H,18,TRUE,TRUE,Don't Care
DH28-Flipper-1C100137,ARL8B32A,FALSE,Regular,H,18,TRUE,TRUE,Don't Care
DH28-Frenzy-Y-1C10014C,ARL8B32A,FALSE,Regular; VMX,H,18,TRUE,TRUE,Don't Care
DH28-Frenzy-Y-1C100149,ARL8B32A,FALSE,Decap,H,18,TRUE,TRUE,Don't Care
DH28-Frenzy-Y-1C10014A,ARL8B32A,FALSE,Regular,H,18,TRUE,TRUE,Don't Care
DH28-Frenzy-X-1C10014B,ARL8B32A,FALSE,Regular,H,18,TRUE,TRUE,Don't Care
DH28-FRM-CMultDY-1C100188,ARL8B32A,FALSE,Regular,H,18,TRUE,TRUE,Don't Care
DH28-FRM-SqrtDY-1C100189,ARL8B32A,FALSE,Regular,H,18,TRUE,TRUE,Don't Care
DH28-FRM-MMulSDY-1C10018A,ARL8B32A,FALSE,Regular; VMX,H,18,TRUE,TRUE,Don't Care
DH28-FRM-Tran4DY-1C100187,ARL8B32A,FALSE,Decap,H,18,TRUE,TRUE,Don't Care
DH28-Fuso-1C1001C1,ARL8B32A,FALSE,Regular,H,18,TRUE,TRUE,Don't Care
DH28-Kawachi-1C1001D1,ARL8B32A,FALSE,Decap,H,18,TRUE,TRUE,Don't Care
DH28-LeekSpin-Y-1C1001E4,ARL8B32A,FALSE,Regular,H,18,TRUE,TRUE,Don't Care
DH28-LeekSpin-X-1C1001E3,ARL8B32A,FALSE,Regular,H,18,TRUE,TRUE,Don't Care
DH28-Millet-CG-1C100200,ARL8B32A,FALSE,Decap,H,18,TRUE,TRUE,Don't Care
DH28-Oakley-LegX-1C10020F,ARL8B32A,FALSE,Regular,H,18,TRUE,TRUE,Don't Care
DH28-PlusOne-Mhs-1C10022D,ARL8B32A,FALSE,Regular,H,18,TRUE,TRUE,Don't Care
DH28-Satsuma-Y-1C100247,ARL8B32A,FALSE,Regular; VMX,H,18,TRUE,TRUE,Don't Care
DH28-Scylla-SBMG-1C10025C,ARL8B32A,FALSE,Regular; VMX,H,18,TRUE,TRUE,Don't Care
DH28-Scylla-BFX-1C100259,ARL8B32A,FALSE,Regular,H,18,TRUE,TRUE,Don't Care
DH28-Scylla-BFY-1C10025A,ARL8B32A,FALSE,Regular,H,18,TRUE,TRUE,Don't Care
DH28-Scylla-SBFY-1C10025B,ARL8B32A,FALSE,Regular,H,18,TRUE,TRUE,Don't Care
DH28-Skipper-Y-1C100292,ARL8B32A,FALSE,Regular,H,18,TRUE,TRUE,Don't Care
DH28-Twiddle-3Y-1C1002A1,ARL8B32A,FALSE,Regular,H,18,TRUE,TRUE,Don't Care
DH28-Yakko-PsY-1C1002B2,ARL8B32A,FALSE,Decap; VMX,H,18,TRUE,TRUE,Don't Care
DH28-Yakko-MdY-1C1002B1,ARL8B32A,FALSE,Regular; VMX,H,18,TRUE,TRUE,Don't Care
DH28-Aes-DY-1C100002,ARL8B32A,FALSE,Regular,H,18,TRUE,TRUE,Don't Care
DH28-Blender-Y1J-1C10002E,ARL8B32A,FALSE,Regular,H,18,TRUE,TRUE,Don't Care
DH28-Blender-A1J-1C10002F,ARL8B32A,FALSE,Regular,H,18,TRUE,TRUE,Don't Care
DH28-Blender-Y1J-1C100030,ARL8B32A,FALSE,Decap,H,18,TRUE,TRUE,Don't Care
DH28-Blender-X1J-1C100031,ARL8B32A,FALSE,Regular,H,18,TRUE,TRUE,Don't Care
DH28-Blender-A1J-1C100032,ARL8B32A,FALSE,Regular,H,18,TRUE,TRUE,Don't Care
DH28-Blender-X1J-1C100033,ARL8B32A,FALSE,Regular,H,18,TRUE,TRUE,Don't Care
DH28-Blender-Y1J-1C100034,ARL8B32A,FALSE,Regular,H,18,TRUE,TRUE,Don't Care
DH28-Blender-A1J-1C100035,ARL8B32A,FALSE,Regular; VMX,H,18,TRUE,TRUE,Don't Care
DH28-Blender-Y1J-1C100036,ARL8B32A,FALSE,Decap,H,18,TRUE,TRUE,Don't Care
DH28-Blender-X1J-1C100037,ARL8B32A,FALSE,Regular,H,18,TRUE,TRUE,Don't Care
DH28-Blender-A1J-1C100038,ARL8B32A,FALSE,Regular,H,18,TRUE,TRUE,Don't Care
DH28-Blender-X1J-1C100039,ARL8B32A,FALSE,Decap,H,18,TRUE,TRUE,Don't Care
DH28-Blender-A1J-1C10003A,ARL8B32A,FALSE,Regular,H,18,TRUE,TRUE,Don't Care
DH28-Blender-Y1J-1C10003B,ARL8B32A,FALSE,Regular,H,18,TRUE,TRUE,Don't Care
DH28-Blender-X1J-1C10003C,ARL8B32A,FALSE,Regular,H,18,TRUE,TRUE,Don't Care
DH28-Ditto-SCCG-1C1000FA,ARL8B32A,FALSE,Regular,H,18,TRUE,TRUE,Don't Care
DH28-Ditto-OZCG-1C1000F9,ARL8B32A,FALSE,Decap,H,18,TRUE,TRUE,Don't Care
DH28-DittoMT-CG-1C100116,ARL8B32A,FALSE,Regular,H,18,TRUE,TRUE,Don't Care
DH28-Fireworx-Y-1C100128,ARL8B32A,FALSE,Regular,H,18,TRUE,TRUE,Don't Care
DH28-Flipper-1C100138,ARL8B32A,FALSE,Regular,H,18,TRUE,TRUE,Don't Care
DH28-Frenzy-Y-1C100150,ARL8B32A,FALSE,Regular,H,18,TRUE,TRUE,Don't Care
DH28-Frenzy-Y-1C10014D,ARL8B32A,FALSE,Regular,H,18,TRUE,TRUE,Don't Care
DH28-Frenzy-Y-1C10014E,ARL8B32A,FALSE,Decap,H,18,TRUE,TRUE,Don't Care
DH28-Frenzy-X-1C10014F,ARL8B32A,FALSE,Regular,H,18,TRUE,TRUE,Don't Care
DH28-FRM-CMultSY-1C10018C,ARL8B32A,FALSE,Regular,H,18,TRUE,TRUE,Don't Care
DH28-FRM-SqrtSY-1C10018D,ARL8B32A,FALSE,Decap,H,18,TRUE,TRUE,Don't Care
DH28-FRM-MMulSSY-1C10018E,ARL8B32A,FALSE,Regular,H,18,TRUE,TRUE,Don't Care
DH28-FRM-Tran8SY-1C10018B,ARL8B32A,FALSE,Regular,H,18,TRUE,TRUE,Don't Care
DH28-Fuso-1C1001C2,ARL8B32A,FALSE,Regular,H,18,TRUE,TRUE,Don't Care
DH28-Kawachi-1C1001D2,ARL8B32A,FALSE,Regular,H,18,TRUE,TRUE,Don't Care
DH28-LeekSpin-Y-1C1001E6,ARL8B32A,FALSE,Regular,H,18,TRUE,TRUE,Don't Care
DH28-LeekSpin-X-1C1001E5,ARL8B32A,FALSE,Regular,H,18,TRUE,TRUE,Don't Care
DH28-Millet-RG-1C100201,ARL8B32A,FALSE,Regular,H,18,TRUE,TRUE,Don't Care
DH28-Oakley-LegX-1C100210,ARL8B32A,FALSE,Decap,H,18,TRUE,TRUE,Don't Care
DH28-PlusOne-Pd-1C10022E,ARL8B32A,FALSE,Regular,H,18,TRUE,TRUE,Don't Care
DH28-Satsuma-Y-1C100248,ARL8B32A,FALSE,Decap,H,18,TRUE,TRUE,Don't Care
DH28-Scylla-BMG-1C100260,ARL8B32A,FALSE,Regular,H,18,TRUE,TRUE,Don't Care
DH28-Scylla-SBFX-1C10025D,ARL8B32A,FALSE,Regular,H,18,TRUE,TRUE,Don't Care
DH28-Scylla-BFY-1C10025E,ARL8B32A,FALSE,Regular; VMX,H,18,TRUE,TRUE,Don't Care
DH28-Scylla-SBFY-1C10025F,ARL8B32A,FALSE,Regular,H,18,TRUE,TRUE,Don't Care
DH28-Skipper-Y-1C100293,ARL8B32A,FALSE,Decap,H,18,TRUE,TRUE,Don't Care
DH28-Twiddle-Y-1C1002A2,ARL8B32A,FALSE,Regular,H,18,TRUE,TRUE,Don't Care
DH28-Yakko-PdY-1C1002B4,ARL8B32A,FALSE,Regular,H,18,TRUE,TRUE,Don't Care
DH28-Yakko-MsY-1C1002B3,ARL8B32A,FALSE,Regular; VMX,H,18,TRUE,TRUE,Don't Care
DH28-Aes-FY-1C100003,ARL8B32A,FALSE,Regular,H,18,TRUE,TRUE,Don't Care
DH28-Blender-A1J-1C10003D,ARL8B32A,FALSE,Regular,H,18,TRUE,TRUE,Don't Care
DH28-Blender-X1J-1C10003E,ARL8B32A,FALSE,Regular,H,18,TRUE,TRUE,Don't Care
DH28-Blender-A1J-1C10003F,ARL8B32A,FALSE,Regular,H,18,TRUE,TRUE,Don't Care
DH28-Blender-A1J-1C100040,ARL8B32A,FALSE,Regular; VMX,H,18,TRUE,TRUE,Don't Care
DH28-Blender-Y1J-1C100041,ARL8B32A,FALSE,Regular,H,18,TRUE,TRUE,Don't Care
DH28-Blender-A1J-1C100042,ARL8B32A,FALSE,Regular,H,18,TRUE,TRUE,Don't Care
DH28-Blender-A1J-1C100043,ARL8B32A,FALSE,Regular; VMX,H,18,TRUE,TRUE,Don't Care
DH28-Blender-X1J-1C100044,ARL8B32A,FALSE,Regular; VMX,H,18,TRUE,TRUE,Don't Care
DH28-Blender-A1J-1C100045,ARL8B32A,FALSE,Regular,H,18,TRUE,TRUE,Don't Care
DH28-Blender-X1J-1C100046,ARL8B32A,FALSE,Regular; VMX,H,18,TRUE,TRUE,Don't Care
DH28-Blender-A1J-1C100047,ARL8B32A,FALSE,Decap,H,18,TRUE,TRUE,Don't Care
DH28-Blender-A1J-1C100048,ARL8B32A,FALSE,Regular,H,18,TRUE,TRUE,Don't Care
DH28-Blender-Y1J-1C100049,ARL8B32A,FALSE,Regular,H,18,TRUE,TRUE,Don't Care
DH28-Blender-A1J-1C10004A,ARL8B32A,FALSE,Regular,H,18,TRUE,TRUE,Don't Care
DH28-Blender-A1J-1C10004B,ARL8B32A,FALSE,Regular,H,18,TRUE,TRUE,Don't Care
DH28-Ditto-GCCG-1C1000FC,ARL8B32A,FALSE,Regular,H,18,TRUE,TRUE,Don't Care
DH28-Ditto-GCAG-1C1000FB,ARL8B32A,FALSE,Regular,H,18,TRUE,TRUE,Don't Care
DH28-DittoMT-CG-1C100117,ARL8B32A,FALSE,Decap,H,18,TRUE,TRUE,Don't Care
DH28-Fireworx-Y-1C100129,ARL8B32A,FALSE,Regular,H,18,TRUE,TRUE,Don't Care
DH28-Flipper-1C100139,ARL8B32A,FALSE,Regular; VMX,H,18,TRUE,TRUE,Don't Care
DH28-Frenzy-Y-1C100154,ARL8B32A,FALSE,Decap,H,18,TRUE,TRUE,Don't Care
DH28-Frenzy-Y-1C100151,ARL8B32A,FALSE,Regular,H,18,TRUE,TRUE,Don't Care
DH28-Frenzy-Y-1C100152,ARL8B32A,FALSE,Regular,H,18,TRUE,TRUE,Don't Care
DH28-Frenzy-X-1C100153,ARL8B32A,FALSE,Regular,H,18,TRUE,TRUE,Don't Care
DH28-FRM-AddDY-1C100190,ARL8B32A,FALSE,Regular; VMX,H,18,TRUE,TRUE,Don't Care
DH28-FRM-DivDY-1C100191,ARL8B32A,FALSE,Decap,H,18,TRUE,TRUE,Don't Care
DH28-FRM-MMulHDY-1C100192,ARL8B32A,FALSE,Regular,H,18,TRUE,TRUE,Don't Care
DH28-FRM-CvtISY-1C10018F,ARL8B32A,FALSE,Decap; VMX,H,18,TRUE,TRUE,Don't Care
DH28-Fuso-1C1001C3,ARL8B32A,FALSE,Regular; VMX,H,18,TRUE,TRUE,Don't Care
DH28-Kawachi-1C1001D3,ARL8B32A,FALSE,Regular,H,18,TRUE,TRUE,Don't Care
DH28-LeekSpin-Y-1C1001E8,ARL8B32A,FALSE,Regular,H,18,TRUE,TRUE,Don't Care
DH28-LeekSpin-X-1C1001E7,ARL8B32A,FALSE,Regular,H,18,TRUE,TRUE,Don't Care
DH28-Millet-CG-1C100202,ARL8B32A,FALSE,Regular,H,18,TRUE,TRUE,Don't Care
DH28-Oakley-LegX-1C100211,ARL8B32A,FALSE,Regular,H,18,TRUE,TRUE,Don't Care
DH28-PlusOne-Ps-1C10022F,ARL8B32A,FALSE,Regular; VMX,H,18,TRUE,TRUE,Don't Care
DH28-Satsuma-Y-1C100249,ARL8B32A,FALSE,Regular,H,18,TRUE,TRUE,Don't Care
DH28-Scylla-SBMG-1C100264,ARL8B32A,FALSE,Regular,H,18,TRUE,TRUE,Don't Care
DH28-Scylla-BFX-1C100261,ARL8B32A,FALSE,Decap,H,18,TRUE,TRUE,Don't Care
DH28-Scylla-BFY-1C100262,ARL8B32A,FALSE,Decap; VMX,H,18,TRUE,TRUE,Don't Care
DH28-Scylla-SBFY-1C100263,ARL8B32A,FALSE,Decap,H,18,TRUE,TRUE,Don't Care
DH28-Skipper-Y-1C100294,ARL8B32A,FALSE,Regular,H,18,TRUE,TRUE,Don't Care
DH28-Twiddle-3Y-1C1002A3,ARL8B32A,FALSE,Decap,H,18,TRUE,TRUE,Don't Care
DH28-Yakko-PsY-1C1002B6,ARL8B32A,FALSE,Regular,H,18,TRUE,TRUE,Don't Care
DH28-Yakko-MdY-1C1002B5,ARL8B32A,FALSE,Regular,H,18,TRUE,TRUE,Don't Care
DH28-Aes-DY-1C100004,ARL8B32A,FALSE,Regular,H,18,TRUE,TRUE,Don't Care
DH28-Blender-A1J-1C10004C,ARL8B32A,FALSE,Regular; VMX,H,18,TRUE,TRUE,Don't Care
DH28-Blender-A1J-1C10004D,ARL8B32A,FALSE,Regular,H,18,TRUE,TRUE,Don't Care
DH28-Blender-A1J-1C10004E,ARL8B32A,FALSE,Regular,H,18,TRUE,TRUE,Don't Care
DH28-Blender-Y1J-1C10004F,ARL8B32A,FALSE,Regular; VMX,H,18,TRUE,TRUE,Don't Care
DH28-Blender-A1J-1C100050,ARL8B32A,FALSE,Regular,H,18,TRUE,TRUE,Don't Care
DH28-Blender-Y1J-1C100051,ARL8B32A,FALSE,Regular,H,18,TRUE,TRUE,Don't Care
DH28-Blender-A1J-1C100052,ARL8B32A,FALSE,Decap; VMX,H,18,TRUE,TRUE,Don't Care
DH28-Blender-Y1J-1C100053,ARL8B32A,FALSE,Regular,H,18,TRUE,TRUE,Don't Care
DH28-Blender-A1J-1C100054,ARL8B32A,FALSE,Regular; VMX,H,18,TRUE,TRUE,Don't Care
DH28-Blender-A1J-1C100055,ARL8B32A,FALSE,Regular,H,18,TRUE,TRUE,Don't Care
DH28-Blender-A1J-1C100056,ARL8B32A,FALSE,Regular,H,18,TRUE,TRUE,Don't Care
DH28-Blender-A1J-1C100057,ARL8B32A,FALSE,Regular; VMX,H,18,TRUE,TRUE,Don't Care
DH28-Blender-X1J-1C100058,ARL8B32A,FALSE,Regular,H,18,TRUE,TRUE,Don't Care
DH28-Blender-Y1J-1C100059,ARL8B32A,FALSE,Regular; VMX,H,18,TRUE,TRUE,Don't Care
DH28-Blender-A1J-1C10005A,ARL8B32A,FALSE,Regular; VMX,H,18,TRUE,TRUE,Don't Care
DH28-Ditto-OZCG-1C1000FE,ARL8B32A,FALSE,Regular,H,18,TRUE,TRUE,Don't Care
DH28-Ditto-OZAG-1C1000FD,ARL8B32A,FALSE,Regular,H,18,TRUE,TRUE,Don't Care
DH28-DittoMT-CG-1C100118,ARL8B32A,FALSE,Regular,H,18,TRUE,TRUE,Don't Care
DH28-Fireworx-Y-1C10012A,ARL8B32A,FALSE,Regular,H,18,TRUE,TRUE,Don't Care
DH28-Flipper-1C10013A,ARL8B32A,FALSE,Regular,H,18,TRUE,TRUE,Don't Care
DH28-Frenzy-Y-1C100158,ARL8B32A,FALSE,Regular,H,18,TRUE,TRUE,Don't Care
DH28-Frenzy-Y-1C100155,ARL8B32A,FALSE,Regular; VMX,H,18,TRUE,TRUE,Don't Care
DH28-Frenzy-Y-1C100156,ARL8B32A,FALSE,Regular,H,18,TRUE,TRUE,Don't Care
DH28-Frenzy-X-1C100157,ARL8B32A,FALSE,Regular; VMX,H,18,TRUE,TRUE,Don't Care
DH28-FRM-AddSY-1C100194,ARL8B32A,FALSE,Regular,H,18,TRUE,TRUE,Don't Care
DH28-FRM-DivSY-1C100195,ARL8B32A,FALSE,Regular,H,18,TRUE,TRUE,Don't Care
DH28-FRM-MMulHSY-1C100196,ARL8B32A,FALSE,Regular,H,18,TRUE,TRUE,Don't Care
DH28-FRM-ScatrDY-1C100193,ARL8B32A,FALSE,Decap,H,18,TRUE,TRUE,Don't Care
DH28-Fuso-1C1001C4,ARL8B32A,FALSE,Decap,H,18,TRUE,TRUE,Don't Care
DH28-Kawachi-1C1001D4,ARL8B32A,FALSE,Decap; VMX,H,18,TRUE,TRUE,Don't Care
DH28-LeekSpin-Y-1C1001EA,ARL8B32A,FALSE,Regular,H,18,TRUE,TRUE,Don't Care
DH28-LeekSpin-X-1C1001E9,ARL8B32A,FALSE,Regular; VMX,H,18,TRUE,TRUE,Don't Care
DH28-Millet-RG-1C100203,ARL8B32A,FALSE,Regular,H,18,TRUE,TRUE,Don't Care
DH28-Oakley-LegX-1C100212,ARL8B32A,FALSE,Decap,H,18,TRUE,TRUE,Don't Care
DH28-PlusOne-Mhd-1C100230,ARL8B32A,FALSE,Regular,H,18,TRUE,TRUE,Don't Care
DH28-Satsuma-Y-1C10024A,ARL8B32A,FALSE,Regular,H,18,TRUE,TRUE,Don't Care
DH28-Scylla-BMG-1C100268,ARL8B32A,FALSE,Decap,H,18,TRUE,TRUE,Don't Care
DH28-Scylla-SBFX-1C100265,ARL8B32A,FALSE,Decap; VMX,H,18,TRUE,TRUE,Don't Care
DH28-Scylla-BFY-1C100266,ARL8B32A,FALSE,Regular,H,18,TRUE,TRUE,Don't Care
DH28-Scylla-SBFY-1C100267,ARL8B32A,FALSE,Regular; VMX,H,18,TRUE,TRUE,Don't Care
DH28-Skipper-Y-1C100295,ARL8B32A,FALSE,Regular,H,18,TRUE,TRUE,Don't Care
DH28-Twiddle-Y-1C1002A4,ARL8B32A,FALSE,Regular,H,18,TRUE,TRUE,Don't Care
DH28-Yakko-PdY-1C1002B8,ARL8B32A,FALSE,Regular; VMX,H,18,TRUE,TRUE,Don't Care
DH28-Yakko-MsY-1C1002B7,ARL8B32A,FALSE,Regular,H,18,TRUE,TRUE,Don't Care
DH28-Aes-FY-1C100005,ARL8B32A,FALSE,Regular,H,18,TRUE,TRUE,Don't Care
DH28-Blender-A1J-1C10005B,ARL8B32A,FALSE,Regular,H,18,TRUE,TRUE,Don't Care
DH28-Blender-A1J-1C10005C,ARL8B32A,FALSE,Regular,H,18,TRUE,TRUE,Don't Care
DH28-Blender-A1J-1C10005D,ARL8B32A,FALSE,Regular,H,18,TRUE,TRUE,Don't Care
DH28-Blender-A1J-1C10005E,ARL8B32A,FALSE,Regular,H,18,TRUE,TRUE,Don't Care
DH28-Blender-A1J-1C10005F,ARL8B32A,FALSE,Regular,H,18,TRUE,TRUE,Don't Care
DH28-Blender-Y1J-1C100060,ARL8B32A,FALSE,Regular,H,18,TRUE,TRUE,Don't Care
DH28-Blender-Y1J-1C100061,ARL8B32A,FALSE,Regular,H,18,TRUE,TRUE,Don't Care
DH28-Blender-A1J-1C100062,ARL8B32A,FALSE,Regular,H,18,TRUE,TRUE,Don't Care
DH28-Blender-A1J-1C100063,ARL8B32A,FALSE,Decap,H,18,TRUE,TRUE,Don't Care
DH28-Blender-A1J-1C100064,ARL8B32A,FALSE,Decap,H,18,TRUE,TRUE,Don't Care
DH28-Blender-X1J-1C100065,ARL8B32A,FALSE,Regular,H,18,TRUE,TRUE,Don't Care
DH28-Blender-A1J-1C100066,ARL8B32A,FALSE,Regular; VMX,H,18,TRUE,TRUE,Don't Care
DH28-Blender-A1J-1C100067,ARL8B32A,FALSE,Regular,H,18,TRUE,TRUE,Don't Care
DH28-Blender-X1J-1C100068,ARL8B32A,FALSE,Regular,H,18,TRUE,TRUE,Don't Care
DH28-Blender-Y1J-1C100069,ARL8B32A,FALSE,Decap; VMX,H,18,TRUE,TRUE,Don't Care
DH28-Ditto-GCAG-1C100100,ARL8B32A,FALSE,Regular,H,18,TRUE,TRUE,Don't Care
DH28-Ditto-SCCG-1C1000FF,ARL8B32A,FALSE,Regular,H,18,TRUE,TRUE,Don't Care
DH28-DittoMT-CG-1C100119,ARL8B32A,FALSE,Regular,H,18,TRUE,TRUE,Don't Care
DH28-Fireworx-Y-1C10012B,ARL8B32A,FALSE,Regular,H,18,TRUE,TRUE,Don't Care
DH28-Flipper-1C10013B,ARL8B32A,FALSE,Regular,H,18,TRUE,TRUE,Don't Care
DH28-Frenzy-Y-1C10015C,ARL8B32A,FALSE,Regular,H,18,TRUE,TRUE,Don't Care
DH28-Frenzy-Y-1C100159,ARL8B32A,FALSE,Regular,H,18,TRUE,TRUE,Don't Care
DH28-Frenzy-Y-1C10015A,ARL8B32A,FALSE,Regular,H,18,TRUE,TRUE,Don't Care
DH28-Frenzy-X-1C10015B,ARL8B32A,FALSE,Regular,H,18,TRUE,TRUE,Don't Care
DH28-FRM-CMultDY-1C100198,ARL8B32A,FALSE,Regular,H,18,TRUE,TRUE,Don't Care
DH28-FRM-SqrtDY-1C100199,ARL8B32A,FALSE,Regular,H,18,TRUE,TRUE,Don't Care
DH28-FRM-MMulSDY-1C10019A,ARL8B32A,FALSE,Regular,H,18,TRUE,TRUE,Don't Care
DH28-FRM-ScatrSY-1C100197,ARL8B32A,FALSE,Regular,H,18,TRUE,TRUE,Don't Care
DH28-Fuso-1C1001C5,ARL8B32A,FALSE,Regular,H,18,TRUE,TRUE,Don't Care
DH28-Kawachi-1C1001D5,ARL8B32A,FALSE,Regular,H,18,TRUE,TRUE,Don't Care
DH28-LeekSpin-Y-1C1001EC,ARL8B32A,FALSE,Regular,H,18,TRUE,TRUE,Don't Care
DH28-LeekSpin-X-1C1001EB,ARL8B32A,FALSE,Regular,H,18,TRUE,TRUE,Don't Care
DH28-Millet-CG-1C100204,ARL8B32A,FALSE,Regular,H,18,TRUE,TRUE,Don't Care
DH28-Oakley-LegX-1C100213,ARL8B32A,FALSE,Regular,H,18,TRUE,TRUE,Don't Care
DH28-PlusOne-Mhs-1C100231,ARL8B32A,FALSE,Decap,H,18,TRUE,TRUE,Don't Care
DH28-Satsuma-Y-1C10024B,ARL8B32A,FALSE,Regular,H,18,TRUE,TRUE,Don't Care
DH28-Scylla-SBMG-1C10026C,ARL8B32A,FALSE,Regular,H,18,TRUE,TRUE,Don't Care
DH28-Scylla-BFX-1C100269,ARL8B32A,FALSE,Regular,H,18,TRUE,TRUE,Don't Care
DH28-Scylla-BFY-1C10026A,ARL8B32A,FALSE,Regular,H,18,TRUE,TRUE,Don't Care
DH28-Scylla-SBFY-1C10026B,ARL8B32A,FALSE,Regular,H,18,TRUE,TRUE,Don't Care
DH28-Skipper-Y-1C100296,ARL8B32A,FALSE,Regular,H,18,TRUE,TRUE,Don't Care
DH28-Twiddle-3Y-1C1002A5,ARL8B32A,FALSE,Decap,H,18,TRUE,TRUE,Don't Care
DH28-Yakko-PsY-1C1002BA,ARL8B32A,FALSE,Regular,H,18,TRUE,TRUE,Don't Care
DH28-Yakko-MdY-1C1002B9,ARL8B32A,FALSE,Regular,H,18,TRUE,TRUE,Don't Care
DH28-Aes-DY-1C100006,ARL8B32A,FALSE,Regular,H,18,TRUE,TRUE,Don't Care
DH28-Blender-Y1J-1C10006A,ARL8B32A,FALSE,Regular; VMX,H,18,TRUE,TRUE,Don't Care
DH28-Blender-A1J-1C10006B,ARL8B32A,FALSE,Regular,H,18,TRUE,TRUE,Don't Care
DH28-Blender-A1J-1C10006C,ARL8B32A,FALSE,Regular,H,18,TRUE,TRUE,Don't Care
DH28-Blender-Y1J-1C10006D,ARL8B32A,FALSE,Regular,H,18,TRUE,TRUE,Don't Care
DH28-Blender-A1J-1C10006E,ARL8B32A,FALSE,Regular,H,18,TRUE,TRUE,Don't Care
DH28-Blender-Y1J-1C10006F,ARL8B32A,FALSE,Regular,H,18,TRUE,TRUE,Don't Care
DH28-Blender-Y1J-1C100070,ARL8B32A,FALSE,Regular,H,18,TRUE,TRUE,Don't Care
DH28-Blender-Y1J-1C100071,ARL8B32A,FALSE,Regular,H,18,TRUE,TRUE,Don't Care
DH28-Blender-Y1J-1C100072,ARL8B32A,FALSE,Regular,H,18,TRUE,TRUE,Don't Care
DH28-Blender-A1J-1C100073,ARL8B32A,FALSE,Decap; VMX,H,18,TRUE,TRUE,Don't Care
DH28-Blender-A1J-1C100074,ARL8B32A,FALSE,Regular,H,18,TRUE,TRUE,Don't Care
DH28-Blender-X1J-1C100075,ARL8B32A,FALSE,Regular,H,18,TRUE,TRUE,Don't Care
DH28-Blender-A1J-1C100076,ARL8B32A,FALSE,Regular,H,18,TRUE,TRUE,Don't Care
DH28-Blender-A1J-1C100077,ARL8B32A,FALSE,Regular,H,18,TRUE,TRUE,Don't Care
DH28-Blender-X1J-1C100078,ARL8B32A,FALSE,Decap,H,18,TRUE,TRUE,Don't Care
DH28-Ditto-OZAG-1C100102,ARL8B32A,FALSE,Regular,H,18,TRUE,TRUE,Don't Care
DH28-Ditto-GCCG-1C100101,ARL8B32A,FALSE,Regular,H,18,TRUE,TRUE,Don't Care
DH28-DittoMT-CG-1C10011A,ARL8B32A,FALSE,Regular; VMX,H,18,TRUE,TRUE,Don't Care
DH28-Fireworx-Y-1C10012C,ARL8B32A,FALSE,Decap,H,18,TRUE,TRUE,Don't Care
DH28-Flipper-1C10013C,ARL8B32A,FALSE,Regular,H,18,TRUE,TRUE,Don't Care
DH28-Frenzy-Y-1C100160,ARL8B32A,FALSE,Regular,H,18,TRUE,TRUE,Don't Care
DH28-Frenzy-Y-1C10015D,ARL8B32A,FALSE,Regular,H,18,TRUE,TRUE,Don't Care
DH28-Frenzy-Y-1C10015E,ARL8B32A,FALSE,Decap,H,18,TRUE,TRUE,Don't Care
DH28-Frenzy-X-1C10015F,ARL8B32A,FALSE,Regular,H,18,TRUE,TRUE,Don't Care
DH28-FRM-CMultSY-1C10019C,ARL8B32A,FALSE,Regular,H,18,TRUE,TRUE,Don't Care
DH28-FRM-SqrtSY-1C10019D,ARL8B32A,FALSE,Regular,H,18,TRUE,TRUE,Don't Care
DH28-FRM-MMulSSY-1C10019E,ARL8B32A,FALSE,Regular; VMX,H,18,TRUE,TRUE,Don't Care
DH28-FRM-Tran4DY-1C10019B,ARL8B32A,FALSE,Regular,H,18,TRUE,TRUE,Don't Care
DH28-Fuso-1C1001C6,ARL8B32A,FALSE,Regular,H,18,TRUE,TRUE,Don't Care
DH28-Kawachi-1C1001D6,ARL8B32A,FALSE,Decap,H,18,TRUE,TRUE,Don't Care
DH28-LeekSpin-Y-1C1001EE,ARL8B32A,FALSE,Decap,H,18,TRUE,TRUE,Don't Care
DH28-LeekSpin-X-1C1001ED,ARL8B32A,FALSE,Regular,H,18,TRUE,TRUE,Don't Care
DH28-Millet-RG-1C100205,ARL8B32A,FALSE,Regular,H,18,TRUE,TRUE,Don't Care
DH28-Oakley-LegX-1C100214,ARL8B32A,FALSE,Regular,H,18,TRUE,TRUE,Don't Care
DH28-PlusOne-Pd-1C100232,ARL8B32A,FALSE,Decap,H,18,TRUE,TRUE,Don't Care
DH28-Satsuma-Y-1C10024C,ARL8B32A,FALSE,Regular,H,18,TRUE,TRUE,Don't Care
DH28-Scylla-BMG-1C100270,ARL8B32A,FALSE,Decap; VMX,H,18,TRUE,TRUE,Don't Care
DH28-Scylla-SBFX-1C10026D,ARL8B32A,FALSE,Regular,H,18,TRUE,TRUE,Don't Care
DH28-Scylla-BFY-1C10026E,ARL8B32A,FALSE,Decap,H,18,TRUE,TRUE,Don't Care
DH28-Scylla-SBFY-1C10026F,ARL8B32A,FALSE,Regular,H,18,TRUE,TRUE,Don't Care
DH28-Skipper-Y-1C100297,ARL8B32A,FALSE,Regular,H,18,TRUE,TRUE,Don't Care
DH28-Twiddle-Y-1C1002A6,ARL8B32A,FALSE,Regular,H,18,TRUE,TRUE,Don't Care
DH28-Yakko-PdY-1C1002BC,ARL8B32A,FALSE,Regular,H,18,TRUE,TRUE,Don't Care
DH28-Yakko-MsY-1C1002BB,ARL8B32A,FALSE,Regular,H,18,TRUE,TRUE,Don't Care
DH28-Aes-FY-1C100007,ARL8B32A,FALSE,Regular,H,18,TRUE,TRUE,Don't Care
DH28-Blender-A1J-1C100079,ARL8B32A,FALSE,Regular,H,18,TRUE,TRUE,Don't Care
DH28-Blender-X1J-1C10007A,ARL8B32A,FALSE,Regular,H,18,TRUE,TRUE,Don't Care
DH28-Blender-A1J-1C10007B,ARL8B32A,FALSE,Regular,H,18,TRUE,TRUE,Don't Care
DH28-Blender-A1J-1C10007C,ARL8B32A,FALSE,Regular,H,18,TRUE,TRUE,Don't Care
DH28-Blender-A1J-1C10007D,ARL8B32A,FALSE,Regular; VMX,H,18,TRUE,TRUE,Don't Care
DH28-Blender-Y1J-1C10007E,ARL8B32A,FALSE,Regular,H,18,TRUE,TRUE,Don't Care
DH28-Blender-A1J-1C10007F,ARL8B32A,FALSE,Regular,H,18,TRUE,TRUE,Don't Care
DH28-Blender-Y1J-1C100080,ARL8B32A,FALSE,Regular,H,18,TRUE,TRUE,Don't Care
DH28-Blender-A1J-1C100081,ARL8B32A,FALSE,Regular,H,18,TRUE,TRUE,Don't Care
DH28-Blender-Y1J-1C100082,ARL8B32A,FALSE,Decap; VMX,H,18,TRUE,TRUE,Don't Care
DH28-Blender-X1J-1C100083,ARL8B32A,FALSE,Regular,H,18,TRUE,TRUE,Don't Care
DH28-Blender-A1J-1C100084,ARL8B32A,FALSE,Regular,H,18,TRUE,TRUE,Don't Care
DH28-Blender-A1J-1C100085,ARL8B32A,FALSE,Regular,H,18,TRUE,TRUE,Don't Care
DH28-Blender-X1J-1C100086,ARL8B32A,FALSE,Regular; VMX,H,18,TRUE,TRUE,Don't Care
DH28-Blender-A1J-1C100087,ARL8B32A,FALSE,Decap,H,18,TRUE,TRUE,Don't Care
DH28-Ditto-SCCG-1C100104,ARL8B32A,FALSE,Regular,H,18,TRUE,TRUE,Don't Care
DH28-Ditto-OZCG-1C100103,ARL8B32A,FALSE,Regular,H,18,TRUE,TRUE,Don't Care
DH28-DittoMT-CG-1C10011B,ARL8B32A,FALSE,Regular; VMX,H,18,TRUE,TRUE,Don't Care
DH28-Fireworx-Y-1C10012D,ARL8B32A,FALSE,Regular,H,18,TRUE,TRUE,Don't Care
DH28-Flipper-1C10013D,ARL8B32A,FALSE,Regular,H,18,TRUE,TRUE,Don't Care
DH28-Frenzy-Y-1C100164,ARL8B32A,FALSE,Regular,H,18,TRUE,TRUE,Don't Care
DH28-Frenzy-Y-1C100161,ARL8B32A,FALSE,Regular,H,18,TRUE,TRUE,Don't Care
DH28-Frenzy-Y-1C100162,ARL8B32A,FALSE,Regular,H,18,TRUE,TRUE,Don't Care
DH28-Frenzy-X-1C100163,ARL8B32A,FALSE,Regular,H,18,TRUE,TRUE,Don't Care
DH28-FRM-AddDY-1C1001A0,ARL8B32A,FALSE,Regular; VMX,H,18,TRUE,TRUE,Don't Care
DH28-FRM-DivDY-1C1001A1,ARL8B32A,FALSE,Regular,H,18,TRUE,TRUE,Don't Care
DH28-FRM-MMulHDY-1C1001A2,ARL8B32A,FALSE,Regular,H,18,TRUE,TRUE,Don't Care
DH28-FRM-Tran8SY-1C10019F,ARL8B32A,FALSE,Regular,H,18,TRUE,TRUE,Don't Care
DH28-Fuso-1C1001C7,ARL8B32A,FALSE,Decap,H,18,TRUE,TRUE,Don't Care
DH28-Kawachi-1C1001D7,ARL8B32A,FALSE,Regular,H,18,TRUE,TRUE,Don't Care
DH28-LeekSpin-Y-1C1001F0,ARL8B32A,FALSE,Regular,H,18,TRUE,TRUE,Don't Care
DH28-LeekSpin-X-1C1001EF,ARL8B32A,FALSE,Decap,H,18,TRUE,TRUE,Don't Care
DH28-Millet-CG-1C100206,ARL8B32A,FALSE,Regular,H,18,TRUE,TRUE,Don't Care
DH28-Oakley-LegX-1C100215,ARL8B32A,FALSE,Regular,H,18,TRUE,TRUE,Don't Care
DH28-PlusOne-Ps-1C100233,ARL8B32A,FALSE,Regular,H,18,TRUE,TRUE,Don't Care
DH28-Satsuma-Y-1C10024D,ARL8B32A,FALSE,Regular,H,18,TRUE,TRUE,Don't Care
DH28-Scylla-SBMG-1C100274,ARL8B32A,FALSE,Regular; VMX,H,18,TRUE,TRUE,Don't Care
DH28-Scylla-BFX-1C100271,ARL8B32A,FALSE,Regular,H,18,TRUE,TRUE,Don't Care
DH28-Scylla-BFY-1C100272,ARL8B32A,FALSE,Regular; VMX,H,18,TRUE,TRUE,Don't Care
DH28-Scylla-SBFY-1C100273,ARL8B32A,FALSE,Regular,H,18,TRUE,TRUE,Don't Care
DH28-Skipper-Y-1C100298,ARL8B32A,FALSE,Regular,H,18,TRUE,TRUE,Don't Care
DH28-Twiddle-3Y-1C1002A7,ARL8B32A,FALSE,Regular,H,18,TRUE,TRUE,Don't Care
DH28-Yakko-PsY-1C1002BE,ARL8B32A,FALSE,Regular,H,18,TRUE,TRUE,Don't Care
DH28-Yakko-MdY-1C1002BD,ARL8B32A,FALSE,Regular,H,18,TRUE,TRUE,Don't Care
DH28-Aes-DY-1C100008,ARL8B32A,FALSE,Regular,H,18,TRUE,TRUE,Don't Care
DH28-Blender-Y1J-1C100088,ARL8B32A,FALSE,Regular; VMX,H,18,TRUE,TRUE,Don't Care
DH28-Blender-A1J-1C100089,ARL8B32A,FALSE,Regular,H,18,TRUE,TRUE,Don't Care
DH28-Blender-A1J-1C10008A,ARL8B32A,FALSE,Decap,H,18,TRUE,TRUE,Don't Care
DH28-Blender-A1J-1C10008B,ARL8B32A,FALSE,Regular,H,18,TRUE,TRUE,Don't Care
DH28-Blender-A1J-1C10008C,ARL8B32A,FALSE,Decap,H,18,TRUE,TRUE,Don't Care
DH28-Blender-Y1J-1C10008D,ARL8B32A,FALSE,Regular,H,18,TRUE,TRUE,Don't Care
DH28-Blender-Y1J-1C10008E,ARL8B32A,FALSE,Regular,H,18,TRUE,TRUE,Don't Care
DH28-Blender-Y1J-1C10008F,ARL8B32A,FALSE,Decap,H,18,TRUE,TRUE,Don't Care
DH28-Blender-A1J-1C100090,ARL8B32A,FALSE,Regular,H,18,TRUE,TRUE,Don't Care
DH28-Blender-A1J-1C100091,ARL8B32A,FALSE,Regular,H,18,TRUE,TRUE,Don't Care
DH28-Blender-Y1J-1C100092,ARL8B32A,FALSE,Regular; VMX,H,18,TRUE,TRUE,Don't Care
DH28-Blender-Y1J-1C100093,ARL8B32A,FALSE,Regular,H,18,TRUE,TRUE,Don't Care
DH28-Blender-A1J-1C100094,ARL8B32A,FALSE,Regular,H,18,TRUE,TRUE,Don't Care
DH28-Blender-A1J-1C100095,ARL8B32A,FALSE,Regular,H,18,TRUE,TRUE,Don't Care
DH28-Blender-Y1J-1C100096,ARL8B32A,FALSE,Regular,H,18,TRUE,TRUE,Don't Care
DH28-Ditto-GCCG-1C100106,ARL8B32A,FALSE,Regular; VMX,H,18,TRUE,TRUE,Don't Care
DH28-Ditto-GCAG-1C100105,ARL8B32A,FALSE,Regular,H,18,TRUE,TRUE,Don't Care
DH28-DittoMT-CG-1C10011C,ARL8B32A,FALSE,Regular,H,18,TRUE,TRUE,Don't Care
DH28-Fireworx-Y-1C10012E,ARL8B32A,FALSE,Regular,H,18,TRUE,TRUE,Don't Care
DH28-Flipper-1C10013E,ARL8B32A,FALSE,Regular; VMX,H,18,TRUE,TRUE,Don't Care
DH28-Frenzy-Y-1C100168,ARL8B32A,FALSE,Regular,H,18,TRUE,TRUE,Don't Care
DH28-Frenzy-Y-1C100165,ARL8B32A,FALSE,Regular; VMX,H,18,TRUE,TRUE,Don't Care
DH28-Frenzy-Y-1C100166,ARL8B32A,FALSE,Regular,H,18,TRUE,TRUE,Don't Care
DH28-Frenzy-X-1C100167,ARL8B32A,FALSE,Regular,H,18,TRUE,TRUE,Don't Care
DH28-FRM-AddSY-1C1001A4,ARL8B32A,FALSE,Regular,H,18,TRUE,TRUE,Don't Care
DH28-FRM-DivSY-1C1001A5,ARL8B32A,FALSE,Regular,H,18,TRUE,TRUE,Don't Care
DH28-FRM-MMulHSY-1C1001A6,ARL8B32A,FALSE,Decap,H,18,TRUE,TRUE,Don't Care
DH28-FRM-CvtISY-1C1001A3,ARL8B32A,FALSE,Regular,H,18,TRUE,TRUE,Don't Care
DH28-Fuso-1C1001C8,ARL8B32A,FALSE,Regular; VMX,H,18,TRUE,TRUE,Don't Care
DH28-Kawachi-1C1001D8,ARL8B32A,FALSE,Regular,H,18,TRUE,TRUE,Don't Care
DH28-LeekSpin-Y-1C1001F2,ARL8B32A,FALSE,Regular; VMX,H,18,TRUE,TRUE,Don't Care
DH28-LeekSpin-X-1C1001F1,ARL8B32A,FALSE,Regular,H,18,TRUE,TRUE,Don't Care
DH28-Millet-RG-1C100207,ARL8B32A,FALSE,Regular; VMX,H,18,TRUE,TRUE,Don't Care
DH28-Oakley-LegX-1C100216,ARL8B32A,FALSE,Regular,H,18,TRUE,TRUE,Don't Care
DH28-PlusOne-Mhd-1C100234,ARL8B32A,FALSE,Regular,H,18,TRUE,TRUE,Don't Care
DH28-Satsuma-Y-1C10024E,ARL8B32A,FALSE,Regular,H,18,TRUE,TRUE,Don't Care
DH28-Scylla-BMG-1C100278,ARL8B32A,FALSE,Decap,H,18,TRUE,TRUE,Don't Care
DH28-Scylla-SBFX-1C100275,ARL8B32A,FALSE,Regular,H,18,TRUE,TRUE,Don't Care
DH28-Scylla-BFY-1C100276,ARL8B32A,FALSE,Regular,H,18,TRUE,TRUE,Don't Care
DH28-Scylla-SBFY-1C100277,ARL8B32A,FALSE,Regular,H,18,TRUE,TRUE,Don't Care
DH28-Skipper-Y-1C100299,ARL8B32A,FALSE,Regular,H,18,TRUE,TRUE,Don't Care
DH28-Twiddle-Y-1C1002A8,ARL8B32A,FALSE,Decap; VMX,H,18,TRUE,TRUE,Don't Care
DH28-Yakko-PdY-1C1002C0,ARL8B32A,FALSE,Regular,H,18,TRUE,TRUE,Don't Care
DH28-Yakko-MsY-1C1002BF,ARL8B32A,FALSE,Regular,H,18,TRUE,TRUE,Don't Care
DH28-Aes-FY-1C100009,ARL8B32A,FALSE,Decap,H,18,TRUE,TRUE,Don't Care
DH28-Blender-A1J-1C100097,ARL8B32A,FALSE,Regular,H,18,TRUE,TRUE,Don't Care
DH28-Blender-A1J-1C100098,ARL8B32A,FALSE,Regular,H,18,TRUE,TRUE,Don't Care
DH28-Blender-A1J-1C100099,ARL8B32A,FALSE,Regular,H,18,TRUE,TRUE,Don't Care
DH28-Blender-A1J-1C10009A,ARL8B32A,FALSE,Regular,H,18,TRUE,TRUE,Don't Care
DH28-Blender-X1J-1C10009B,ARL8B32A,FALSE,Regular; VMX,H,18,TRUE,TRUE,Don't Care
DH28-Blender-Y1J-1C10009C,ARL8B32A,FALSE,Decap,H,18,TRUE,TRUE,Don't Care
DH28-Blender-A1J-1C10009D,ARL8B32A,FALSE,Regular; VMX,H,18,TRUE,TRUE,Don't Care
DH28-Blender-X1J-1C10009E,ARL8B32A,FALSE,Regular; VMX,H,18,TRUE,TRUE,Don't Care
DH28-Blender-A1J-1C10009F,ARL8B32A,FALSE,Regular,H,18,TRUE,TRUE,Don't Care
DH28-Blender-A1J-1C1000A0,ARL8B32A,FALSE,Regular,H,18,TRUE,TRUE,Don't Care
DH28-Blender-X1J-1C1000A1,ARL8B32A,FALSE,Regular,H,18,TRUE,TRUE,Don't Care
DH28-Blender-A1J-1C1000A2,ARL8B32A,FALSE,Decap,H,18,TRUE,TRUE,Don't Care
DH28-Blender-A1J-1C1000A3,ARL8B32A,FALSE,Decap,H,18,TRUE,TRUE,Don't Care
DH28-Blender-Y1J-1C1000A4,ARL8B32A,FALSE,Regular,H,18,TRUE,TRUE,Don't Care
DH28-Blender-A1J-1C1000A5,ARL8B32A,FALSE,Decap,H,18,TRUE,TRUE,Don't Care
DH28-Ditto-OZCG-1C100108,ARL8B32A,FALSE,Regular,H,18,TRUE,TRUE,Don't Care
DH28-Ditto-OZAG-1C100107,ARL8B32A,FALSE,Regular,H,18,TRUE,TRUE,Don't Care
DH28-DittoMT-CG-1C10011D,ARL8B32A,FALSE,Decap,H,18,TRUE,TRUE,Don't Care
DH28-Fireworx-Y-1C10012F,ARL8B32A,FALSE,Decap; VMX,H,18,TRUE,TRUE,Don't Care
DH28-Flipper-1C10013F,ARL8B32A,FALSE,Regular,H,18,TRUE,TRUE,Don't Care
DH28-Frenzy-Y-1C10016C,ARL8B32A,FALSE,Regular,H,18,TRUE,TRUE,Don't Care
DH28-Frenzy-Y-1C100169,ARL8B32A,FALSE,Decap,H,18,TRUE,TRUE,Don't Care
DH28-Frenzy-Y-1C10016A,ARL8B32A,FALSE,Decap,H,18,TRUE,TRUE,Don't Care
DH28-Frenzy-X-1C10016B,ARL8B32A,FALSE,Regular,H,18,TRUE,TRUE,Don't Care
DH28-FRM-CMultDY-1C1001A8,ARL8B32A,FALSE,Regular,H,18,TRUE,TRUE,Don't Care
DH28-FRM-SqrtDY-1C1001A9,ARL8B32A,FALSE,Regular,H,18,TRUE,TRUE,Don't Care
DH28-FRM-MMulSDY-1C1001AA,ARL8B32A,FALSE,Regular,H,18,TRUE,TRUE,Don't Care
DH28-FRM-ScatrDY-1C1001A7,ARL8B32A,FALSE,Decap,H,18,TRUE,TRUE,Don't Care
DH28-Fuso-1C1001C9,ARL8B32A,FALSE,Regular; VMX,H,18,TRUE,TRUE,Don't Care
DH28-Kawachi-1C1001D9,ARL8B32A,FALSE,Regular,H,18,TRUE,TRUE,Don't Care
DH28-LeekSpin-Y-1C1001F4,ARL8B32A,FALSE,Regular,H,18,TRUE,TRUE,Don't Care
DH28-LeekSpin-X-1C1001F3,ARL8B32A,FALSE,Regular,H,18,TRUE,TRUE,Don't Care
DH28-Millet-CG-1C100208,ARL8B32A,FALSE,Regular,H,18,TRUE,TRUE,Don't Care
DH28-Oakley-LegX-1C100217,ARL8B32A,FALSE,Regular,H,18,TRUE,TRUE,Don't Care
DH28-PlusOne-Mhs-1C100235,ARL8B32A,FALSE,Regular,H,18,TRUE,TRUE,Don't Care
DH28-Satsuma-Y-1C10024F,ARL8B32A,FALSE,Regular,H,18,TRUE,TRUE,Don't Care
DH28-Scylla-SBMG-1C10027C,ARL8B32A,FALSE,Regular,H,18,TRUE,TRUE,Don't Care
DH28-Scylla-BFX-1C100279,ARL8B32A,FALSE,Regular; VMX,H,18,TRUE,TRUE,Don't Care
DH28-Scylla-BFY-1C10027A,ARL8B32A,FALSE,Regular,H,18,TRUE,TRUE,Don't Care
DH28-Scylla-SBFY-1C10027B,ARL8B32A,FALSE,Regular; VMX,H,18,TRUE,TRUE,Don't Care
DH28-Skipper-Y-1C10029A,ARL8B32A,FALSE,Regular,H,18,TRUE,TRUE,Don't Care
DH28-Twiddle-3Y-1C1002A9,ARL8B32A,FALSE,Regular,H,18,TRUE,TRUE,Don't Care
DH28-Yakko-PsY-1C1002C2,ARL8B32A,FALSE,Decap,H,18,TRUE,TRUE,Don't Care
DH28-Yakko-MdY-1C1002C1,ARL8B32A,FALSE,Regular,H,18,TRUE,TRUE,Don't Care
DH28-Aes-DY-1C10000A,ARL8B32A,FALSE,Decap,H,18,TRUE,TRUE,Don't Care
DH28-Blender-X1J-1C1000A6,ARL8B32A,FALSE,Regular,H,18,TRUE,TRUE,Don't Care
DH28-Blender-A1J-1C1000A7,ARL8B32A,FALSE,Regular; VMX,H,18,TRUE,TRUE,Don't Care
DH28-Blender-A1J-1C1000A8,ARL8B32A,FALSE,Regular; VMX,H,18,TRUE,TRUE,Don't Care
DH28-Blender-X1J-1C1000A9,ARL8B32A,FALSE,Regular,H,18,TRUE,TRUE,Don't Care
DH28-Blender-X1J-1C1000AA,ARL8B32A,FALSE,Regular,H,18,TRUE,TRUE,Don't Care
DH28-Blender-X1J-1C1000AB,ARL8B32A,FALSE,Regular,H,18,TRUE,TRUE,Don't Care
DH28-Blender-A1J-1C1000AC,ARL8B32A,FALSE,Decap,H,18,TRUE,TRUE,Don't Care
DH28-Blender-A1J-1C1000AD,ARL8B32A,FALSE,Regular; VMX,H,18,TRUE,TRUE,Don't Care
DH28-Blender-Y1J-1C1000AE,ARL8B32A,FALSE,Regular,H,18,TRUE,TRUE,Don't Care
DH28-Blender-Y1J-1C1000AF,ARL8B32A,FALSE,Regular,H,18,TRUE,TRUE,Don't Care
DH28-Blender-Y1J-1C1000B0,ARL8B32A,FALSE,Regular,H,18,TRUE,TRUE,Don't Care
DH28-Blender-A1J-1C1000B1,ARL8B32A,FALSE,Regular,H,18,TRUE,TRUE,Don't Care
DH28-Blender-A1J-1C1000B2,ARL8B32A,FALSE,Regular,H,18,TRUE,TRUE,Don't Care
DH28-Blender-X1J-1C1000B3,ARL8B32A,FALSE,Regular,H,18,TRUE,TRUE,Don't Care
DH28-Blender-A1J-1C1000B4,ARL8B32A,FALSE,Regular,H,18,TRUE,TRUE,Don't Care
DH28-Ditto-GCAG-1C10010A,ARL8B32A,FALSE,Decap,H,18,TRUE,TRUE,Don't Care
DH28-Ditto-SCCG-1C100109,ARL8B32A,FALSE,Regular; VMX,H,18,TRUE,TRUE,Don't Care
DH28-DittoMT-CG-1C10011E,ARL8B32A,FALSE,Regular,H,18,TRUE,TRUE,Don't Care
DH28-Fireworx-Y-1C100130,ARL8B32A,FALSE,Regular,H,18,TRUE,TRUE,Don't Care
DH28-Flipper-1C100140,ARL8B32A,FALSE,Regular,H,18,TRUE,TRUE,Don't Care
DH28-Frenzy-Y-1C100170,ARL8B32A,FALSE,Regular,H,18,TRUE,TRUE,Don't Care
DH28-Frenzy-Y-1C10016D,ARL8B32A,FALSE,Regular; VMX,H,18,TRUE,TRUE,Don't Care
DH28-Frenzy-Y-1C10016E,ARL8B32A,FALSE,Regular,H,18,TRUE,TRUE,Don't Care
DH28-Frenzy-X-1C10016F,ARL8B32A,FALSE,Regular; VMX,H,18,TRUE,TRUE,Don't Care
DH28-FRM-CMultSY-1C1001AC,ARL8B32A,FALSE,Regular,H,18,TRUE,TRUE,Don't Care
DH28-FRM-SqrtSY-1C1001AD,ARL8B32A,FALSE,Regular,H,18,TRUE,TRUE,Don't Care
DH28-FRM-MMulSSY-1C1001AE,ARL8B32A,FALSE,Decap,H,18,TRUE,TRUE,Don't Care
DH28-FRM-ScatrSY-1C1001AB,ARL8B32A,FALSE,Regular,H,18,TRUE,TRUE,Don't Care
DH28-Fuso-1C1001CA,ARL8B32A,FALSE,Decap; VMX,H,18,TRUE,TRUE,Don't Care
DH28-Kawachi-1C1001DA,ARL8B32A,FALSE,Regular,H,18,TRUE,TRUE,Don't Care
DH28-LeekSpin-Y-1C1001F6,ARL8B32A,FALSE,Regular,H,18,TRUE,TRUE,Don't Care
DH28-LeekSpin-X-1C1001F5,ARL8B32A,FALSE,Regular,H,18,TRUE,TRUE,Don't Care
DH28-Millet-RG-1C100209,ARL8B32A,FALSE,Regular,H,18,TRUE,TRUE,Don't Care
DH28-Oakley-LegX-1C100218,ARL8B32A,FALSE,Regular,H,18,TRUE,TRUE,Don't Care
DH28-PlusOne-Pd-1C100236,ARL8B32A,FALSE,Regular,H,18,TRUE,TRUE,Don't Care
DH28-Satsuma-Y-1C100250,ARL8B32A,FALSE,Decap,H,18,TRUE,TRUE,Don't Care
DH28-Scylla-BMG-1C100280,ARL8B32A,FALSE,Regular,H,18,TRUE,TRUE,Don't Care
DH28-Scylla-SBFX-1C10027D,ARL8B32A,FALSE,Regular; VMX,H,18,TRUE,TRUE,Don't Care
DH28-Scylla-BFY-1C10027E,ARL8B32A,FALSE,Regular; VMX,H,18,TRUE,TRUE,Don't Care
DH28-Scylla-SBFY-1C10027F,ARL8B32A,FALSE,Regular,H,18,TRUE,TRUE,Don't Care
DH28-Skipper-Y-1C10029B,ARL8B32A,FALSE,Regular,H,18,TRUE,TRUE,Don't Care
DH28-Twiddle-Y-1C1002AA,ARL8B32A,FALSE,Regular,H,18,TRUE,TRUE,Don't Care
DH28-Yakko-PdY-1C1002C4,ARL8B32A,FALSE,Regular,H,18,TRUE,TRUE,Don't Care
DH28-Yakko-MsY-1C1002C3,ARL8B32A,FALSE,Regular; VMX,H,18,TRUE,TRUE,Don't Care
DH28-Aes-FY-1C10000B,ARL8B32A,FALSE,Decap,H,18,TRUE,TRUE,Don't Care
DH28-Blender-Y1J-1C1000B5,ARL8B32A,FALSE,Regular,H,18,TRUE,TRUE,Don't Care
DH28-Blender-Y1J-1C1000B6,ARL8B32A,FALSE,Decap,H,18,TRUE,TRUE,Don't Care
DH28-Blender-Y1J-1C1000B7,ARL8B32A,FALSE,Regular,H,18,TRUE,TRUE,Don't Care
DH28-Blender-A1J-1C1000B8,ARL8B32A,FALSE,Regular,H,18,TRUE,TRUE,Don't Care
DH28-Blender-A1J-1C1000B9,ARL8B32A,FALSE,Regular,H,18,TRUE,TRUE,Don't Care
DH28-Blender-A1J-1C1000BA,ARL8B32A,FALSE,Regular,H,18,TRUE,TRUE,Don't Care
DH28-Blender-A1J-1C1000BB,ARL8B32A,FALSE,Regular,H,18,TRUE,TRUE,Don't Care
DH28-Blender-A1J-1C1000BC,ARL8B32A,FALSE,Regular,H,18,TRUE,TRUE,Don't Care
DH28-Blender-Y1J-1C1000BD,ARL8B32A,FALSE,Regular,H,18,TRUE,TRUE,Don't Care
DH28-Blender-A1J-1C1000BE,ARL8B32A,FALSE,Regular,H,18,TRUE,TRUE,Don't Care
DH28-Blender-Y1J-1C1000BF,ARL8B32A,FALSE,Decap,H,18,TRUE,TRUE,Don't Care
DH28-Blender-Y1J-1C1000C0,ARL8B32A,FALSE,Regular; VMX,H,18,TRUE,TRUE,Don't Care
DH28-Blender-Y1J-1C1000C1,ARL8B32A,FALSE,Regular,H,18,TRUE,TRUE,Don't Care
DH28-Blender-A1J-1C1000C2,ARL8B32A,FALSE,Decap,H,18,TRUE,TRUE,Don't Care
DH28-Blender-X1J-1C1000C3,ARL8B32A,FALSE,Regular; VMX,H,18,TRUE,TRUE,Don't Care
DH28-Ditto-OZAG-1C10010C,ARL8B32A,FALSE,Regular,H,18,TRUE,TRUE,Don't Care
DH28-Ditto-GCCG-1C10010B,ARL8B32A,FALSE,Regular,H,18,TRUE,TRUE,Don't Care
DH28-DittoMT-CG-1C10011F,ARL8B32A,FALSE,Regular,H,18,TRUE,TRUE,Don't Care
DH28-Fireworx-Y-1C100131,ARL8B32A,FALSE,Regular,H,18,TRUE,TRUE,Don't Care
DH28-Flipper-1C100141,ARL8B32A,FALSE,Regular,H,18,TRUE,TRUE,Don't Care
DH28-Frenzy-Y-1C100174,ARL8B32A,FALSE,Regular,H,18,TRUE,TRUE,Don't Care
DH28-Frenzy-Y-1C100171,ARL8B32A,FALSE,Regular,H,18,TRUE,TRUE,Don't Care
DH28-Frenzy-Y-1C100172,ARL8B32A,FALSE,Decap; VMX,H,18,TRUE,TRUE,Don't Care
DH28-Frenzy-X-1C100173,ARL8B32A,FALSE,Regular,H,18,TRUE,TRUE,Don't Care
DH28-FRM-AddDY-1C1001B0,ARL8B32A,FALSE,Regular,H,18,TRUE,TRUE,Don't Care
DH28-FRM-DivDY-1C1001B1,ARL8B32A,FALSE,Regular,H,18,TRUE,TRUE,Don't Care
DH28-FRM-MMulHDY-1C1001B2,ARL8B32A,FALSE,Decap,H,18,TRUE,TRUE,Don't Care
DH28-FRM-Tran4DY-1C1001AF,ARL8B32A,FALSE,Decap; VMX,H,18,TRUE,TRUE,Don't Care
DH28-Fuso-1C1001CB,ARL8B32A,FALSE,Regular,H,18,TRUE,TRUE,Don't Care
DH28-Kawachi-1C1001DB,ARL8B32A,FALSE,Decap,H,18,TRUE,TRUE,Don't Care
DH28-LeekSpin-Y-1C1001F8,ARL8B32A,FALSE,Regular,H,18,TRUE,TRUE,Don't Care
DH28-LeekSpin-X-1C1001F7,ARL8B32A,FALSE,Regular; VMX,H,18,TRUE,TRUE,Don't Care
DH28-Millet-CG-1C10020A,ARL8B32A,FALSE,Regular,H,18,TRUE,TRUE,Don't Care
DH28-Oakley-LegX-1C100219,ARL8B32A,FALSE,Regular,H,18,TRUE,TRUE,Don't Care
DH28-PlusOne-Ps-1C100237,ARL8B32A,FALSE,Regular,H,18,TRUE,TRUE,Don't Care
DH28-Satsuma-Y-1C100251,ARL8B32A,FALSE,Regular,H,18,TRUE,TRUE,Don't Care
DH28-Scylla-SBMG-1C100284,ARL8B32A,FALSE,Regular,H,18,TRUE,TRUE,Don't Care
DH28-Scylla-BFX-1C100281,ARL8B32A,FALSE,Decap,H,18,TRUE,TRUE,Don't Care
DH28-Scylla-BFY-1C100282,ARL8B32A,FALSE,Decap,H,18,TRUE,TRUE,Don't Care
DH28-Scylla-SBFY-1C100283,ARL8B32A,FALSE,Regular,H,18,TRUE,TRUE,Don't Care
DH28-Skipper-Y-1C10029C,ARL8B32A,FALSE,Regular; VMX,H,18,TRUE,TRUE,Don't Care
DH28-Twiddle-3Y-1C1002AB,ARL8B32A,FALSE,Decap,H,18,TRUE,TRUE,Don't Care
DH28-Yakko-PsY-1C1002C6,ARL8B32A,FALSE,Regular,H,18,TRUE,TRUE,Don't Care
DH28-Yakko-MdY-1C1002C5,ARL8B32A,FALSE,Regular,H,18,TRUE,TRUE,Don't Care
DH28-Aes-DY-1C10000C,ARL8B32A,FALSE,Decap,H,18,TRUE,TRUE,Don't Care
DH28-Blender-A1J-1C1000C4,ARL8B32A,FALSE,Regular,H,18,TRUE,TRUE,Don't Care
DH28-Blender-Y1J-1C1000C5,ARL8B32A,FALSE,Regular,H,18,TRUE,TRUE,Don't Care
DH28-Blender-A1J-1C1000C6,ARL8B32A,FALSE,Regular,H,18,TRUE,TRUE,Don't Care
DH28-Blender-A1J-1C1000C7,ARL8B32A,FALSE,Regular,H,18,TRUE,TRUE,Don't Care
DH28-Blender-A1J-1C1000C8,ARL8B32A,FALSE,Regular,H,18,TRUE,TRUE,Don't Care
DH28-Blender-X1J-1C1000C9,ARL8B32A,FALSE,Decap; VMX,H,18,TRUE,TRUE,Don't Care
DH28-Blender-X1J-1C1000CA,ARL8B32A,FALSE,Decap,H,18,TRUE,TRUE,Don't Care
DH28-Blender-X1J-1C1000CB,ARL8B32A,FALSE,Decap,H,18,TRUE,TRUE,Don't Care
DH28-Blender-A1J-1C1000CC,ARL8B32A,FALSE,Decap,H,18,TRUE,TRUE,Don't Care
DH28-Blender-A1J-1C1000CD,ARL8B32A,FALSE,Regular,H,18,TRUE,TRUE,Don't Care
DH28-Blender-A1J-1C1000CE,ARL8B32A,FALSE,Regular; VMX,H,18,TRUE,TRUE,Don't Care
DH28-Blender-Y1J-1C1000CF,ARL8B32A,FALSE,Regular,H,18,TRUE,TRUE,Don't Care
DH28-Blender-Y1J-1C1000D0,ARL8B32A,FALSE,Decap; VMX,H,18,TRUE,TRUE,Don't Care
DH28-Blender-A1J-1C1000D1,ARL8B32A,FALSE,Regular,H,18,TRUE,TRUE,Don't Care
DH28-Blender-Y1J-1C1000D2,ARL8B32A,FALSE,Regular; VMX,H,18,TRUE,TRUE,Don't Care
DH28-Ditto-SCCG-1C10010E,ARL8B32A,FALSE,Regular,H,18,TRUE,TRUE,Don't Care
DH28-Ditto-OZCG-1C10010D,ARL8B32A,FALSE,Regular,H,18,TRUE,TRUE,Don't Care
DH28-DittoMT-CG-1C100120,ARL8B32A,FALSE,Regular,H,18,TRUE,TRUE,Don't Care
DH28-Fireworx-Y-1C100132,ARL8B32A,FALSE,Decap,H,18,TRUE,TRUE,Don't Care
DH28-Flipper-1C100142,ARL8B32A,FALSE,Regular; VMX,H,18,TRUE,TRUE,Don't Care
DH28-Frenzy-Y-1C100178,ARL8B32A,FALSE,Regular; VMX,H,18,TRUE,TRUE,Don't Care
DH28-Frenzy-Y-1C100175,ARL8B32A,FALSE,Regular,H,18,TRUE,TRUE,Don't Care
DH28-Frenzy-Y-1C100176,ARL8B32A,FALSE,Decap,H,18,TRUE,TRUE,Don't Care
DH28-Frenzy-X-1C100177,ARL8B32A,FALSE,Decap; VMX,H,18,TRUE,TRUE,Don't Care
DH28-FRM-AddSY-1C1001B4,ARL8B32A,FALSE,Regular,H,18,TRUE,TRUE,Don't Care
DH28-FRM-DivSY-1C1001B5,ARL8B32A,FALSE,Decap,H,18,TRUE,TRUE,Don't Care
DH28-FRM-MMulHSY-1C1001B6,ARL8B32A,FALSE,Regular,H,18,TRUE,TRUE,Don't Care
DH28-FRM-Tran8SY-1C1001B3,ARL8B32A,FALSE,Regular,H,18,TRUE,TRUE,Don't Care
DH28-Fuso-1C1001CC,ARL8B32A,FALSE,Regular,H,18,TRUE,TRUE,Don't Care
DH28-Kawachi-1C1001DC,ARL8B32A,FALSE,Regular; VMX,H,18,TRUE,TRUE,Don't Care
DH28-LeekSpin-Y-1C1001FA,ARL8B32A,FALSE,Decap; VMX,H,18,TRUE,TRUE,Don't Care
DH28-LeekSpin-X-1C1001F9,ARL8B32A,FALSE,Regular,H,18,TRUE,TRUE,Don't Care
DH28-Millet-RG-1C10020B,ARL8B32A,FALSE,Regular; VMX,H,18,TRUE,TRUE,Don't Care
DH28-Oakley-LegX-1C10021A,ARL8B32A,FALSE,Regular,H,18,TRUE,TRUE,Don't Care
DH28-PlusOne-Mhd-1C100238,ARL8B32A,FALSE,Decap,H,18,TRUE,TRUE,Don't Care
DH28-Satsuma-Y-1C100252,ARL8B32A,FALSE,Regular,H,18,TRUE,TRUE,Don't Care
DH28-Scylla-BMG-1C100288,ARL8B32A,FALSE,Decap,H,18,TRUE,TRUE,Don't Care
DH28-Scylla-SBFX-1C100285,ARL8B32A,FALSE,Regular,H,18,TRUE,TRUE,Don't Care
DH28-Scylla-BFY-1C100286,ARL8B32A,FALSE,Regular,H,18,TRUE,TRUE,Don't Care
DH28-Scylla-SBFY-1C100287,ARL8B32A,FALSE,Regular,H,18,TRUE,TRUE,Don't Care
DH28-Skipper-Y-1C10029D,ARL8B32A,FALSE,Decap,H,18,TRUE,TRUE,Don't Care
DH28-Twiddle-Y-1C1002AC,ARL8B32A,FALSE,Regular,H,18,TRUE,TRUE,Don't Care
DH28-Yakko-PdY-1C1002C8,ARL8B32A,FALSE,Regular,H,18,TRUE,TRUE,Don't Care
DH28-Yakko-MsY-1C1002C7,ARL8B32A,FALSE,Regular,H,18,TRUE,TRUE,Don't Care
DH28-Aes-FY-1C10000D,ARL8B32A,FALSE,Regular,H,18,TRUE,TRUE,Don't Care
DH28-Blender-Y1J-1C1000D3,ARL8B32A,FALSE,Decap,H,18,TRUE,TRUE,Don't Care
DH28-Blender-Y1J-1C1000D4,ARL8B32A,FALSE,Regular; VMX,H,18,TRUE,TRUE,Don't Care
DH28-Blender-Y1J-1C1000D5,ARL8B32A,FALSE,Regular; VMX,H,18,TRUE,TRUE,Don't Care
DH28-Blender-A1J-1C1000D6,ARL8B32A,FALSE,Regular,H,18,TRUE,TRUE,Don't Care
DH28-Blender-A1J-1C1000D7,ARL8B32A,FALSE,Regular,H,18,TRUE,TRUE,Don't Care
DH28-Blender-A1J-1C1000D8,ARL8B32A,FALSE,Decap; VMX,H,18,TRUE,TRUE,Don't Care
DH28-Blender-A1J-1C1000D9,ARL8B32A,FALSE,Regular,H,18,TRUE,TRUE,Don't Care
DH28-Blender-Y1J-1C1000DA,ARL8B32A,FALSE,Regular,H,18,TRUE,TRUE,Don't Care
DH28-Blender-A1J-1C1000DB,ARL8B32A,FALSE,Regular,H,18,TRUE,TRUE,Don't Care
DH28-Blender-A1J-1C1000DC,ARL8B32A,FALSE,Regular,H,18,TRUE,TRUE,Don't Care
DH28-Blender-A1J-1C1000DD,ARL8B32A,FALSE,Regular,H,18,TRUE,TRUE,Don't Care
DH28-Blender-A1J-1C1000DE,ARL8B32A,FALSE,Decap,H,18,TRUE,TRUE,Don't Care
DH28-Blender-A1J-1C1000DF,ARL8B32A,FALSE,Regular,H,18,TRUE,TRUE,Don't Care
DH28-Blender-A1J-1C1000E0,ARL8B32A,FALSE,Regular; VMX,H,18,TRUE,TRUE,Don't Care
DH28-Blender-A1J-1C1000E1,ARL8B32A,FALSE,Regular,H,18,TRUE,TRUE,Don't Care
DH28-Ditto-GCCG-1C100110,ARL8B32A,FALSE,Decap,H,18,TRUE,TRUE,Don't Care
DH28-Ditto-GCAG-1C10010F,ARL8B32A,FALSE,Regular,H,18,TRUE,TRUE,Don't Care
DH28-DittoMT-CG-1C100121,ARL8B32A,FALSE,Regular; VMX,H,18,TRUE,TRUE,Don't Care
DH28-Fireworx-Y-1C100133,ARL8B32A,FALSE,Regular,H,18,TRUE,TRUE,Don't Care
DH28-Flipper-1C100143,ARL8B32A,FALSE,Regular,H,18,TRUE,TRUE,Don't Care
DH28-Frenzy-Y-1C10017C,ARL8B32A,FALSE,Regular,H,18,TRUE,TRUE,Don't Care
DH28-Frenzy-Y-1C100179,ARL8B32A,FALSE,Decap,H,18,TRUE,TRUE,Don't Care
DH28-Frenzy-Y-1C10017A,ARL8B32A,FALSE,Regular,H,18,TRUE,TRUE,Don't Care
DH28-Frenzy-X-1C10017B,ARL8B32A,FALSE,Decap,H,18,TRUE,TRUE,Don't Care
DH28-FRM-CMultDY-1C1001B8,ARL8B32A,FALSE,Regular,H,18,TRUE,TRUE,Don't Care
DH28-FRM-SqrtDY-1C1001B9,ARL8B32A,FALSE,Decap; VMX,H,18,TRUE,TRUE,Don't Care
DH28-FRM-MMulSDY-1C1001BA,ARL8B32A,FALSE,Regular,H,18,TRUE,TRUE,Don't Care
DH28-FRM-CvtISY-1C1001B7,ARL8B32A,FALSE,Decap,H,18,TRUE,TRUE,Don't Care
DH28-Fuso-1C1001CD,ARL8B32A,FALSE,Regular,H,18,TRUE,TRUE,Don't Care
DH28-Kawachi-1C1001DD,ARL8B32A,FALSE,Regular,H,18,TRUE,TRUE,Don't Care
DH28-LeekSpin-Y-1C1001FC,ARL8B32A,FALSE,Regular,H,18,TRUE,TRUE,Don't Care
DH28-LeekSpin-X-1C1001FB,ARL8B32A,FALSE,Regular,H,18,TRUE,TRUE,Don't Care
DH28-Millet-CG-1C10020C,ARL8B32A,FALSE,Regular,H,18,TRUE,TRUE,Don't Care
DH28-Oakley-LegX-1C10021B,ARL8B32A,FALSE,Regular,H,18,TRUE,TRUE,Don't Care
DH28-PlusOne-Mhs-1C100239,ARL8B32A,FALSE,Regular,H,18,TRUE,TRUE,Don't Care
DH28-Satsuma-Y-1C100253,ARL8B32A,FALSE,Regular,H,18,TRUE,TRUE,Don't Care
DH28-Scylla-SBMG-1C10028C,ARL8B32A,FALSE,Regular; VMX,H,18,TRUE,TRUE,Don't Care
DH28-Scylla-BFX-1C100289,ARL8B32A,FALSE,Decap,H,18,TRUE,TRUE,Don't Care
DH28-Scylla-BFY-1C10028A,ARL8B32A,FALSE,Decap,H,18,TRUE,TRUE,Don't Care
DH28-Scylla-SBFY-1C10028B,ARL8B32A,FALSE,Regular,H,18,TRUE,TRUE,Don't Care
DH28-Skipper-Y-1C10029E,ARL8B32A,FALSE,Regular; VMX,H,18,TRUE,TRUE,Don't Care
DH28-Twiddle-3Y-1C1002AD,ARL8B32A,FALSE,Regular,H,18,TRUE,TRUE,Don't Care
DH28-Yakko-PsY-1C1002CA,ARL8B32A,FALSE,Regular,H,18,TRUE,TRUE,Don't Care
DH28-Yakko-MdY-1C1002C9,ARL8B32A,FALSE,Decap,H,18,TRUE,TRUE,Don't Care
DH28-Aes-DY-1C10000E,ARL8B32A,FALSE,Regular,H,18,TRUE,TRUE,Don't Care
DH28-Blender-Y1J-1C1000E2,ARL8B32A,FALSE,Regular,H,18,TRUE,TRUE,Don't Care
DH28-Blender-A1J-1C1000E3,ARL8B32A,FALSE,Regular,H,18,TRUE,TRUE,Don't Care
DH28-Blender-A1J-1C1000E4,ARL8B32A,FALSE,Regular,H,18,TRUE,TRUE,Don't Care
DH28-Blender-Y1J-1C1000E5,ARL8B32A,FALSE,Decap,H,18,TRUE,TRUE,Don't Care
DH28-Blender-A1J-1C1000E6,ARL8B32A,FALSE,Decap; VMX,H,18,TRUE,TRUE,Don't Care
DH28-Blender-A1J-1C1000E7,ARL8B32A,FALSE,Regular; VMX,H,18,TRUE,TRUE,Don't Care
DH28-Blender-Y1J-1C1000E8,ARL8B32A,FALSE,Regular,H,18,TRUE,TRUE,Don't Care
DH28-Blender-A1J-1C1000E9,ARL8B32A,FALSE,Regular,H,18,TRUE,TRUE,Don't Care
DH28-Blender-A1J-1C1000EA,ARL8B32A,FALSE,Regular; VMX,H,18,TRUE,TRUE,Don't Care
DH28-Blender-X1J-1C1000EB,ARL8B32A,FALSE,Decap,H,18,TRUE,TRUE,Don't Care
DH28-Blender-Y1J-1C1000EC,ARL8B32A,FALSE,Regular; VMX,H,18,TRUE,TRUE,Don't Care
DH28-Blender-X1J-1C1000ED,ARL8B32A,FALSE,Regular,H,18,TRUE,TRUE,Don't Care
DH28-Blender-X1J-1C1000EE,ARL8B32A,FALSE,Regular,H,18,TRUE,TRUE,Don't Care
DH28-Blender-Y1J-1C1000EF,ARL8B32A,FALSE,Regular,H,18,TRUE,TRUE,Don't Care
DH28-Blender-Y1J-1C1000F0,ARL8B32A,FALSE,Regular,H,18,TRUE,TRUE,Don't Care
DH28-Ditto-OZCG-1C100112,ARL8B32A,FALSE,Regular; VMX,H,18,TRUE,TRUE,Don't Care
DH28-Ditto-OZAG-1C100111,ARL8B32A,FALSE,Regular,H,18,TRUE,TRUE,Don't Care
DH28-DittoMT-CG-1C100122,ARL8B32A,FALSE,Regular,H,18,TRUE,TRUE,Don't Care
DH28-Fireworx-Y-1C100134,ARL8B32A,FALSE,Regular,H,18,TRUE,TRUE,Don't Care
DH28-Flipper-1C100144,ARL8B32A,FALSE,Regular,H,18,TRUE,TRUE,Don't Care
DH28-Frenzy-Y-1C100180,ARL8B32A,FALSE,Regular; VMX,H,18,TRUE,TRUE,Don't Care
DH28-Frenzy-Y-1C10017D,ARL8B32A,FALSE,Regular; VMX,H,18,TRUE,TRUE,Don't Care
DH28-Frenzy-Y-1C10017E,ARL8B32A,FALSE,Regular,H,18,TRUE,TRUE,Don't Care
DH28-Frenzy-X-1C10017F,ARL8B32A,FALSE,Regular; VMX,H,18,TRUE,TRUE,Don't Care
DH28-FRM-CMultSY-1C1001BC,ARL8B32A,FALSE,Decap,H,18,TRUE,TRUE,Don't Care
DH28-FRM-SqrtSY-1C1001BD,ARL8B32A,FALSE,Regular,H,18,TRUE,TRUE,Don't Care
DH28-FRM-MMulSSY-1C1001BE,ARL8B32A,FALSE,Regular,H,18,TRUE,TRUE,Don't Care
DH28-FRM-ScatrDY-1C1001BB,ARL8B32A,FALSE,Regular,H,18,TRUE,TRUE,Don't Care
DH28-Fuso-1C1001CE,ARL8B32A,FALSE,Regular; VMX,H,18,TRUE,TRUE,Don't Care
DH28-Kawachi-1C1001DE,ARL8B32A,FALSE,Regular,H,18,TRUE,TRUE,Don't Care
DH28-LeekSpin-Y-1C1001FE,ARL8B32A,FALSE,Decap,H,18,TRUE,TRUE,Don't Care
DH28-LeekSpin-X-1C1001FD,ARL8B32A,FALSE,Regular,H,18,TRUE,TRUE,Don't Care
DH28-Millet-RG-1C10020D,ARL8B32A,FALSE,Regular; VMX,H,18,TRUE,TRUE,Don't Care
DH28-Oakley-LegX-1C10021C,ARL8B32A,FALSE,Decap,H,18,TRUE,TRUE,Don't Care
DH28-PlusOne-Pd-1C10023A,ARL8B32A,FALSE,Regular; VMX,H,18,TRUE,TRUE,Don't Care
DH28-Satsuma-Y-1C100254,ARL8B32A,FALSE,Regular,H,18,TRUE,TRUE,Don't Care
DH28-Scylla-BMG-1C100290,ARL8B32A,FALSE,Regular,H,18,TRUE,TRUE,Don't Care
DH28-Scylla-SBFX-1C10028D,ARL8B32A,FALSE,Decap,H,18,TRUE,TRUE,Don't Care
DH28-Scylla-BFY-1C10028E,ARL8B32A,FALSE,Regular,H,18,TRUE,TRUE,Don't Care
DH28-Scylla-SBFY-1C10028F,ARL8B32A,FALSE,Regular; VMX,H,18,TRUE,TRUE,Don't Care
DH28-Skipper-Y-1C10029F,ARL8B32A,FALSE,Decap,H,18,TRUE,TRUE,Don't Care
DH28-Twiddle-Y-1C1002AE,ARL8B32A,FALSE,Decap,H,18,TRUE,TRUE,Don't Care
DH28-Yakko-PdY-1C1002CC,ARL8B32A,FALSE,Regular; VMX,H,18,TRUE,TRUE,Don't Care
DH28-Yakko-MsY-1C1002CB,ARL8B32A,FALSE,Regular,H,18,TRUE,TRUE,Don't Care
DR28-0Demo-1C0000E1,ARL8B32A,FALSE,Regular,R,18,TRUE,TRUE,Don't Care
DR28-1DittoC-GX-1C000100,ARL8B32A,FALSE,Decap,R,18,TRUE,TRUE,Don't Care
DR28-1Eclipse-1C000110,ARL8B32A,FALSE,Regular,R,18,TRUE,TRUE,Don't Care
DR28-1FireC-Y-1C000120,ARL8B32A,FALSE,Regular,R,18,TRUE,TRUE,Don't Care
DR28-1FireC-X-1C000121,ARL8B32A,FALSE,Regular,R,18,TRUE,TRUE,Don't Care
DR28-1Fissure-M-1C000131,ARL8B32A,FALSE,Regular; VMX,R,18,TRUE,TRUE,Don't Care
DR28-1FrenzyC-Y-1C00017E,ARL8B32A,FALSE,Regular,R,18,TRUE,TRUE,Don't Care
DR28-1FrenzyC-X-1C00017D,ARL8B32A,FALSE,Regular,R,18,TRUE,TRUE,Don't Care
DR28-1FRMC-Y-1C0001BB,ARL8B32A,FALSE,Regular,R,18,TRUE,TRUE,Don't Care
DR28-1LeekC-Y-1C0001DA,ARL8B32A,FALSE,Decap; VMX,R,18,TRUE,TRUE,Don't Care
DR28-1LeekC-X-1C0001DB,ARL8B32A,FALSE,Decap,R,18,TRUE,TRUE,Don't Care
DR28-Aes-DY-1C000000,ARL8B32A,FALSE,Regular,R,18,TRUE,TRUE,Don't Care
DR28-Blender-A1J-1C00001C,ARL8B32A,FALSE,Regular,R,18,TRUE,TRUE,Don't Care
DR28-Blender-A1J-1C00000F,ARL8B32A,FALSE,Regular,R,18,TRUE,TRUE,Don't Care
DR28-Blender-A1J-1C000010,ARL8B32A,FALSE,Decap,R,18,TRUE,TRUE,Don't Care
DR28-Blender-Y1J-1C000011,ARL8B32A,FALSE,Regular; VMX,R,18,TRUE,TRUE,Don't Care
DR28-Blender-A1J-1C000012,ARL8B32A,FALSE,Regular,R,18,TRUE,TRUE,Don't Care
DR28-Blender-X1J-1C000013,ARL8B32A,FALSE,Regular; VMX,R,18,TRUE,TRUE,Don't Care
DR28-Blender-A1J-1C000014,ARL8B32A,FALSE,Regular; VMX,R,18,TRUE,TRUE,Don't Care
DR28-Blender-A1J-1C000015,ARL8B32A,FALSE,Regular; VMX,R,18,TRUE,TRUE,Don't Care
DR28-Blender-A1J-1C000016,ARL8B32A,FALSE,Regular,R,18,TRUE,TRUE,Don't Care
DR28-Blender-A1J-1C000017,ARL8B32A,FALSE,Regular; VMX,R,18,TRUE,TRUE,Don't Care
DR28-Blender-A1J-1C000018,ARL8B32A,FALSE,Regular,R,18,TRUE,TRUE,Don't Care
DR28-Blender-Y1J-1C000019,ARL8B32A,FALSE,Decap,R,18,TRUE,TRUE,Don't Care
DR28-Blender-A1J-1C00001A,ARL8B32A,FALSE,Regular,R,18,TRUE,TRUE,Don't Care
DR28-Blender-X1J-1C00001B,ARL8B32A,FALSE,Regular,R,18,TRUE,TRUE,Don't Care
DR28-Ditto-OZAG-1C0000E2,ARL8B32A,FALSE,Decap,R,18,TRUE,TRUE,Don't Care
DR28-Ditto-OZCG-1C0000E3,ARL8B32A,FALSE,Regular; VMX,R,18,TRUE,TRUE,Don't Care
DR28-DittoMT-CG-1C000101,ARL8B32A,FALSE,Regular,R,18,TRUE,TRUE,Don't Care
DR28-EveGoogle-1C000111,ARL8B32A,FALSE,Regular,R,18,TRUE,TRUE,Don't Care
DR28-Fireworx-Y-1C000122,ARL8B32A,FALSE,Decap,R,18,TRUE,TRUE,Don't Care
DR28-Flipper-1C000132,ARL8B32A,FALSE,Regular,R,18,TRUE,TRUE,Don't Care
DR28-Frenzy-Y-1C000144,ARL8B32A,FALSE,Decap,R,18,TRUE,TRUE,Don't Care
DR28-Frenzy-AY-1C000141,ARL8B32A,FALSE,Regular; VMX,R,18,TRUE,TRUE,Don't Care
DR28-Frenzy-Y-1C000142,ARL8B32A,FALSE,Regular,R,18,TRUE,TRUE,Don't Care
DR28-Frenzy-X-1C000143,ARL8B32A,FALSE,Regular,R,18,TRUE,TRUE,Don't Care
DR28-FRM-AddDY-1C000180,ARL8B32A,FALSE,Regular,R,18,TRUE,TRUE,Don't Care
DR28-FRM-DivDY-1C000181,ARL8B32A,FALSE,Regular,R,18,TRUE,TRUE,Don't Care
DR28-FRM-MMulHDY-1C000182,ARL8B32A,FALSE,Regular; VMX,R,18,TRUE,TRUE,Don't Care
DR28-FRM-ScatrSY-1C00017F,ARL8B32A,FALSE,Decap,R,18,TRUE,TRUE,Don't Care
DR28-Fuso-1C0001BC,ARL8B32A,FALSE,Decap,R,18,TRUE,TRUE,Don't Care
DR28-Kawachi-1C0001CB,ARL8B32A,FALSE,Regular,R,18,TRUE,TRUE,Don't Care
DR28-LeekSpin-Y-1C0001DC,ARL8B32A,FALSE,Decap,R,18,TRUE,TRUE,Don't Care
DR28-LeekSpin-X-1C0001DD,ARL8B32A,FALSE,Regular,R,18,TRUE,TRUE,Don't Care
DR28-Millet-CG-1C0001FA,ARL8B32A,FALSE,Regular; VMX,R,18,TRUE,TRUE,Don't Care
DR28-Oakley-LegX-1C000209,ARL8B32A,FALSE,Regular,R,18,TRUE,TRUE,Don't Care
DR28-PlusOne-Ps-1C000227,ARL8B32A,FALSE,Regular; VMX,R,18,TRUE,TRUE,Don't Care
DR28-Satsuma-Y-1C000241,ARL8B32A,FALSE,Regular,R,18,TRUE,TRUE,Don't Care
DR28-Scylla-SBMG-1C000250,ARL8B32A,FALSE,Regular,R,18,TRUE,TRUE,Don't Care
DR28-Skipper-Y-1C00025F,ARL8B32A,FALSE,Regular,R,18,TRUE,TRUE,Don't Care
DR28-Twiddle-Y-1C00026E,ARL8B32A,FALSE,Regular,R,18,TRUE,TRUE,Don't Care
DR28-Yakko-PsY-1C00027E,ARL8B32A,FALSE,Regular,R,18,TRUE,TRUE,Don't Care
DR28-Yakko-MdY-1C00027D,ARL8B32A,FALSE,Regular,R,18,TRUE,TRUE,Don't Care
DR28-Aes-FY-1C000001,ARL8B32A,FALSE,Regular,R,18,TRUE,TRUE,Don't Care
DR28-Blender-A1J-1C00002A,ARL8B32A,FALSE,Decap,R,18,TRUE,TRUE,Don't Care
DR28-Blender-A1J-1C00001D,ARL8B32A,FALSE,Regular,R,18,TRUE,TRUE,Don't Care
DR28-Blender-Y1J-1C00001E,ARL8B32A,FALSE,Regular,R,18,TRUE,TRUE,Don't Care
DR28-Blender-A1J-1C00001F,ARL8B32A,FALSE,Decap,R,18,TRUE,TRUE,Don't Care
DR28-Blender-X1J-1C000020,ARL8B32A,FALSE,Decap; VMX,R,18,TRUE,TRUE,Don't Care
DR28-Blender-Y1J-1C000021,ARL8B32A,FALSE,Regular,R,18,TRUE,TRUE,Don't Care
DR28-Blender-Y1J-1C000022,ARL8B32A,FALSE,Regular,R,18,TRUE,TRUE,Don't Care
DR28-Blender-Y1J-1C000023,ARL8B32A,FALSE,Regular; VMX,R,18,TRUE,TRUE,Don't Care
DR28-Blender-A1J-1C000024,ARL8B32A,FALSE,Decap,R,18,TRUE,TRUE,Don't Care
DR28-Blender-X1J-1C000025,ARL8B32A,FALSE,Regular,R,18,TRUE,TRUE,Don't Care
DR28-Blender-Y1J-1C000026,ARL8B32A,FALSE,Regular; VMX,R,18,TRUE,TRUE,Don't Care
DR28-Blender-Y1J-1C000027,ARL8B32A,FALSE,Regular,R,18,TRUE,TRUE,Don't Care
DR28-Blender-A1J-1C000028,ARL8B32A,FALSE,Regular; VMX,R,18,TRUE,TRUE,Don't Care
DR28-Blender-A1J-1C000029,ARL8B32A,FALSE,Regular,R,18,TRUE,TRUE,Don't Care
DR28-Ditto-SCCG-1C0000E4,ARL8B32A,FALSE,Regular,R,18,TRUE,TRUE,Don't Care
DR28-Ditto-SSAX-1C0000E5,ARL8B32A,FALSE,Regular,R,18,TRUE,TRUE,Don't Care
DR28-DittoMT-CG-1C000102,ARL8B32A,FALSE,Regular; VMX,R,18,TRUE,TRUE,Don't Care
DR28-EveGoogle-1C000112,ARL8B32A,FALSE,Decap,R,18,TRUE,TRUE,Don't Care
DR28-Fireworx-Y-1C000123,ARL8B32A,FALSE,Regular,R,18,TRUE,TRUE,Don't Care
DR28-Flipper-1C000133,ARL8B32A,FALSE,Regular,R,18,TRUE,TRUE,Don't Care
DR28-Frenzy-Y-1C000148,ARL8B32A,FALSE,Regular; VMX,R,18,TRUE,TRUE,Don't Care
DR28-Frenzy-Y-1C000145,ARL8B32A,FALSE,Regular,R,18,TRUE,TRUE,Don't Care
DR28-Frenzy-Y-1C000146,ARL8B32A,FALSE,Regular; VMX,R,18,TRUE,TRUE,Don't Care
DR28-Frenzy-X-1C000147,ARL8B32A,FALSE,Regular,R,18,TRUE,TRUE,Don't Care
DR28-FRM-AddSY-1C000184,ARL8B32A,FALSE,Regular; VMX,R,18,TRUE,TRUE,Don't Care
DR28-FRM-DivSY-1C000185,ARL8B32A,FALSE,Decap,R,18,TRUE,TRUE,Don't Care
DR28-FRM-MMulHSY-1C000186,ARL8B32A,FALSE,Regular,R,18,TRUE,TRUE,Don't Care
DR28-FRM-Tran4DY-1C000183,ARL8B32A,FALSE,Decap,R,18,TRUE,TRUE,Don't Care
DR28-Fuso-1C0001BD,ARL8B32A,FALSE,Regular; VMX,R,18,TRUE,TRUE,Don't Care
DR28-Kawachi-1C0001CC,ARL8B32A,FALSE,Regular,R,18,TRUE,TRUE,Don't Care
DR28-LeekSpin-Y-1C0001DE,ARL8B32A,FALSE,Regular,R,18,TRUE,TRUE,Don't Care
DR28-LeekSpin-X-1C0001DF,ARL8B32A,FALSE,Regular,R,18,TRUE,TRUE,Don't Care
DR28-Millet-RG-1C0001FB,ARL8B32A,FALSE,Regular,R,18,TRUE,TRUE,Don't Care
DR28-Oakley-LegX-1C00020A,ARL8B32A,FALSE,Regular,R,18,TRUE,TRUE,Don't Care
DR28-PlusOne-Mhd-1C000228,ARL8B32A,FALSE,Regular,R,18,TRUE,TRUE,Don't Care
DR28-Satsuma-Y-1C000242,ARL8B32A,FALSE,Regular,R,18,TRUE,TRUE,Don't Care
DR28-Scylla-SBFX-1C000251,ARL8B32A,FALSE,Decap,R,18,TRUE,TRUE,Don't Care
DR28-Skipper-Y-1C000260,ARL8B32A,FALSE,Regular,R,18,TRUE,TRUE,Don't Care
DR28-Twiddle-3Y-1C00026F,ARL8B32A,FALSE,Decap,R,18,TRUE,TRUE,Don't Care
DR28-Yakko-PdY-1C000280,ARL8B32A,FALSE,Regular,R,18,TRUE,TRUE,Don't Care
DR28-Yakko-MsY-1C00027F,ARL8B32A,FALSE,Regular; VMX,R,18,TRUE,TRUE,Don't Care
DR28-Aes-DY-1C000002,ARL8B32A,FALSE,Decap,R,18,TRUE,TRUE,Don't Care
DR28-Blender-A1J-1C000038,ARL8B32A,FALSE,Regular,R,18,TRUE,TRUE,Don't Care
DR28-Blender-Y1J-1C00002B,ARL8B32A,FALSE,Regular,R,18,TRUE,TRUE,Don't Care
DR28-Blender-Y1J-1C00002C,ARL8B32A,FALSE,Regular,R,18,TRUE,TRUE,Don't Care
DR28-Blender-Y1J-1C00002D,ARL8B32A,FALSE,Regular,R,18,TRUE,TRUE,Don't Care
DR28-Blender-A1J-1C00002E,ARL8B32A,FALSE,Regular,R,18,TRUE,TRUE,Don't Care
DR28-Blender-X1J-1C00002F,ARL8B32A,FALSE,Regular,R,18,TRUE,TRUE,Don't Care
DR28-Blender-X1J-1C000030,ARL8B32A,FALSE,Regular,R,18,TRUE,TRUE,Don't Care
DR28-Blender-Y1J-1C000031,ARL8B32A,FALSE,Decap,R,18,TRUE,TRUE,Don't Care
DR28-Blender-X1J-1C000032,ARL8B32A,FALSE,Decap,R,18,TRUE,TRUE,Don't Care
DR28-Blender-A1J-1C000033,ARL8B32A,FALSE,Decap; VMX,R,18,TRUE,TRUE,Don't Care
DR28-Blender-A1J-1C000034,ARL8B32A,FALSE,Regular,R,18,TRUE,TRUE,Don't Care
DR28-Blender-A1J-1C000035,ARL8B32A,FALSE,Regular,R,18,TRUE,TRUE,Don't Care
DR28-Blender-A1J-1C000036,ARL8B32A,FALSE,Regular,R,18,TRUE,TRUE,Don't Care
DR28-Blender-Y1J-1C000037,ARL8B32A,FALSE,Regular,R,18,TRUE,TRUE,Don't Care
DR28-Ditto-SSCX-1C0000E6,ARL8B32A,FALSE,Regular,R,18,TRUE,TRUE,Don't Care
DR28-Ditto-GCAG-1C0000E7,ARL8B32A,FALSE,Regular; VMX,R,18,TRUE,TRUE,Don't Care
DR28-DittoMT-CG-1C000103,ARL8B32A,FALSE,Decap,R,18,TRUE,TRUE,Don't Care
DR28-EveGoogle-1C000113,ARL8B32A,FALSE,Regular; VMX,R,18,TRUE,TRUE,Don't Care
DR28-Fireworx-Y-1C000124,ARL8B32A,FALSE,Regular,R,18,TRUE,TRUE,Don't Care
DR28-Flipper-1C000134,ARL8B32A,FALSE,Regular,R,18,TRUE,TRUE,Don't Care
DR28-Frenzy-Y-1C00014C,ARL8B32A,FALSE,Regular; VMX,R,18,TRUE,TRUE,Don't Care
DR28-Frenzy-AY-1C000149,ARL8B32A,FALSE,Decap; VMX,R,18,TRUE,TRUE,Don't Care
DR28-Frenzy-Y-1C00014A,ARL8B32A,FALSE,Decap,R,18,TRUE,TRUE,Don't Care
DR28-Frenzy-X-1C00014B,ARL8B32A,FALSE,Regular,R,18,TRUE,TRUE,Don't Care
DR28-FRM-CMultDY-1C000188,ARL8B32A,FALSE,Decap,R,18,TRUE,TRUE,Don't Care
DR28-FRM-SqrtDY-1C000189,ARL8B32A,FALSE,Decap,R,18,TRUE,TRUE,Don't Care
DR28-FRM-MMulSDY-1C00018A,ARL8B32A,FALSE,Regular,R,18,TRUE,TRUE,Don't Care
DR28-FRM-Tran8SY-1C000187,ARL8B32A,FALSE,Regular; VMX,R,18,TRUE,TRUE,Don't Care
DR28-Fuso-1C0001BE,ARL8B32A,FALSE,Regular,R,18,TRUE,TRUE,Don't Care
DR28-Kawachi-1C0001CD,ARL8B32A,FALSE,Regular,R,18,TRUE,TRUE,Don't Care
DR28-LeekSpin-Y-1C0001E0,ARL8B32A,FALSE,Regular,R,18,TRUE,TRUE,Don't Care
DR28-LeekSpin-X-1C0001E1,ARL8B32A,FALSE,Regular,R,18,TRUE,TRUE,Don't Care
DR28-Millet-CG-1C0001FC,ARL8B32A,FALSE,Regular,R,18,TRUE,TRUE,Don't Care
DR28-Oakley-LegX-1C00020B,ARL8B32A,FALSE,Decap,R,18,TRUE,TRUE,Don't Care
DR28-PlusOne-Mhs-1C000229,ARL8B32A,FALSE,Regular,R,18,TRUE,TRUE,Don't Care
DR28-Satsuma-Y-1C000243,ARL8B32A,FALSE,Regular,R,18,TRUE,TRUE,Don't Care
DR28-Scylla-SBFY-1C000252,ARL8B32A,FALSE,Decap,R,18,TRUE,TRUE,Don't Care
DR28-Skipper-Y-1C000261,ARL8B32A,FALSE,Regular; VMX,R,18,TRUE,TRUE,Don't Care
DR28-Twiddle-Y-1C000270,ARL8B32A,FALSE,Decap,R,18,TRUE,TRUE,Don't Care
DR28-Yakko-PsY-1C000282,ARL8B32A,FALSE,Regular,R,18,TRUE,TRUE,Don't Care
DR28-Yakko-MdY-1C000281,ARL8B32A,FALSE,Regular; VMX,R,18,TRUE,TRUE,Don't Care
DR28-Aes-FY-1C000003,ARL8B32A,FALSE,Regular; VMX,R,18,TRUE,TRUE,Don't Care
DR28-Blender-Y1J-1C000046,ARL8B32A,FALSE,Regular; VMX,R,18,TRUE,TRUE,Don't Care
DR28-Blender-Y1J-1C000039,ARL8B32A,FALSE,Regular; VMX,R,18,TRUE,TRUE,Don't Care
DR28-Blender-Y1J-1C00003A,ARL8B32A,FALSE,Regular,R,18,TRUE,TRUE,Don't Care
DR28-Blender-A1J-1C00003B,ARL8B32A,FALSE,Regular; VMX,R,18,TRUE,TRUE,Don't Care
DR28-Blender-A1J-1C00003C,ARL8B32A,FALSE,Regular,R,18,TRUE,TRUE,Don't Care
DR28-Blender-X1J-1C00003D,ARL8B32A,FALSE,Regular,R,18,TRUE,TRUE,Don't Care
DR28-Blender-X1J-1C00003E,ARL8B32A,FALSE,Regular; VMX,R,18,TRUE,TRUE,Don't Care
DR28-Blender-A1J-1C00003F,ARL8B32A,FALSE,Regular,R,18,TRUE,TRUE,Don't Care
DR28-Blender-A1J-1C000040,ARL8B32A,FALSE,Regular,R,18,TRUE,TRUE,Don't Care
DR28-Blender-A1J-1C000041,ARL8B32A,FALSE,Regular,R,18,TRUE,TRUE,Don't Care
DR28-Blender-A1J-1C000042,ARL8B32A,FALSE,Regular; VMX,R,18,TRUE,TRUE,Don't Care
DR28-Blender-Y1J-1C000043,ARL8B32A,FALSE,Regular,R,18,TRUE,TRUE,Don't Care
DR28-Blender-A1J-1C000044,ARL8B32A,FALSE,Regular; VMX,R,18,TRUE,TRUE,Don't Care
DR28-Blender-A1J-1C000045,ARL8B32A,FALSE,Decap,R,18,TRUE,TRUE,Don't Care
DR28-Ditto-GCCG-1C0000E8,ARL8B32A,FALSE,Regular,R,18,TRUE,TRUE,Don't Care
DR28-Ditto-OZAG-1C0000E9,ARL8B32A,FALSE,Regular,R,18,TRUE,TRUE,Don't Care
DR28-DittoMT-CG-1C000104,ARL8B32A,FALSE,Regular,R,18,TRUE,TRUE,Don't Care
DR28-EveGoogle-1C000114,ARL8B32A,FALSE,Regular,R,18,TRUE,TRUE,Don't Care
DR28-Fireworx-Y-1C000125,ARL8B32A,FALSE,Decap,R,18,TRUE,TRUE,Don't Care
DR28-Flipper-1C000135,ARL8B32A,FALSE,Regular,R,18,TRUE,TRUE,Don't Care
DR28-Frenzy-Y-1C000150,ARL8B32A,FALSE,Regular; VMX,R,18,TRUE,TRUE,Don't Care
DR28-Frenzy-Y-1C00014D,ARL8B32A,FALSE,Decap,R,18,TRUE,TRUE,Don't Care
DR28-Frenzy-Y-1C00014E,ARL8B32A,FALSE,Regular; VMX,R,18,TRUE,TRUE,Don't Care
DR28-Frenzy-X-1C00014F,ARL8B32A,FALSE,Regular,R,18,TRUE,TRUE,Don't Care
DR28-FRM-CMultSY-1C00018C,ARL8B32A,FALSE,Regular,R,18,TRUE,TRUE,Don't Care
DR28-FRM-SqrtSY-1C00018D,ARL8B32A,FALSE,Regular,R,18,TRUE,TRUE,Don't Care
DR28-FRM-MMulSSY-1C00018E,ARL8B32A,FALSE,Regular,R,18,TRUE,TRUE,Don't Care
DR28-FRM-CvtISY-1C00018B,ARL8B32A,FALSE,Decap; VMX,R,18,TRUE,TRUE,Don't Care
DR28-Fuso-1C0001BF,ARL8B32A,FALSE,Regular,R,18,TRUE,TRUE,Don't Care
DR28-Kawachi-1C0001CE,ARL8B32A,FALSE,Regular,R,18,TRUE,TRUE,Don't Care
DR28-LeekSpin-Y-1C0001E2,ARL8B32A,FALSE,Regular,R,18,TRUE,TRUE,Don't Care
DR28-LeekSpin-X-1C0001E3,ARL8B32A,FALSE,Regular,R,18,TRUE,TRUE,Don't Care
DR28-Millet-RG-1C0001FD,ARL8B32A,FALSE,Regular,R,18,TRUE,TRUE,Don't Care
DR28-Oakley-LegX-1C00020C,ARL8B32A,FALSE,Regular,R,18,TRUE,TRUE,Don't Care
DR28-PlusOne-Pd-1C00022A,ARL8B32A,FALSE,Regular,R,18,TRUE,TRUE,Don't Care
DR28-Satsuma-Y-1C000244,ARL8B32A,FALSE,Regular,R,18,TRUE,TRUE,Don't Care
DR28-Scylla-SBMG-1C000253,ARL8B32A,FALSE,Regular,R,18,TRUE,TRUE,Don't Care
DR28-Skipper-Y-1C000262,ARL8B32A,FALSE,Decap; VMX,R,18,TRUE,TRUE,Don't Care
DR28-Twiddle-3Y-1C000271,ARL8B32A,FALSE,Decap,R,18,TRUE,TRUE,Don't Care
DR28-Yakko-PdY-1C000284,ARL8B32A,FALSE,Regular,R,18,TRUE,TRUE,Don't Care
DR28-Yakko-MsY-1C000283,ARL8B32A,FALSE,Regular,R,18,TRUE,TRUE,Don't Care
DR28-Aes-DY-1C000004,ARL8B32A,FALSE,Regular; VMX,R,18,TRUE,TRUE,Don't Care
DR28-Blender-Y1J-1C000054,ARL8B32A,FALSE,Regular,R,18,TRUE,TRUE,Don't Care
DR28-Blender-Y1J-1C000047,ARL8B32A,FALSE,Regular,R,18,TRUE,TRUE,Don't Care
DR28-Blender-A1J-1C000048,ARL8B32A,FALSE,Regular,R,18,TRUE,TRUE,Don't Care
DR28-Blender-A1J-1C000049,ARL8B32A,FALSE,Regular,R,18,TRUE,TRUE,Don't Care
DR28-Blender-A1J-1C00004A,ARL8B32A,FALSE,Decap,R,18,TRUE,TRUE,Don't Care
DR28-Blender-A1J-1C00004B,ARL8B32A,FALSE,Regular,R,18,TRUE,TRUE,Don't Care
DR28-Blender-A1J-1C00004C,ARL8B32A,FALSE,Regular,R,18,TRUE,TRUE,Don't Care
DR28-Blender-X1J-1C00004D,ARL8B32A,FALSE,Regular,R,18,TRUE,TRUE,Don't Care
DR28-Blender-Y1J-1C00004E,ARL8B32A,FALSE,Decap,R,18,TRUE,TRUE,Don't Care
DR28-Blender-A1J-1C00004F,ARL8B32A,FALSE,Regular,R,18,TRUE,TRUE,Don't Care
DR28-Blender-A1J-1C000050,ARL8B32A,FALSE,Regular; VMX,R,18,TRUE,TRUE,Don't Care
DR28-Blender-Y1J-1C000051,ARL8B32A,FALSE,Decap,R,18,TRUE,TRUE,Don't Care
DR28-Blender-A1J-1C000052,ARL8B32A,FALSE,Regular,R,18,TRUE,TRUE,Don't Care
DR28-Blender-A1J-1C000053,ARL8B32A,FALSE,Decap,R,18,TRUE,TRUE,Don't Care
DR28-Ditto-OZCG-1C0000EA,ARL8B32A,FALSE,Regular,R,18,TRUE,TRUE,Don't Care
DR28-Ditto-SCCG-1C0000EB,ARL8B32A,FALSE,Regular; VMX,R,18,TRUE,TRUE,Don't Care
DR28-DittoMT-CG-1C000105,ARL8B32A,FALSE,Decap,R,18,TRUE,TRUE,Don't Care
DR28-EveGoogle-1C000115,ARL8B32A,FALSE,Regular,R,18,TRUE,TRUE,Don't Care
DR28-Fireworx-Y-1C000126,ARL8B32A,FALSE,Regular,R,18,TRUE,TRUE,Don't Care
DR28-Flipper-1C000136,ARL8B32A,FALSE,Regular; VMX,R,18,TRUE,TRUE,Don't Care
DR28-Frenzy-Y-1C000154,ARL8B32A,FALSE,Regular; VMX,R,18,TRUE,TRUE,Don't Care
DR28-Frenzy-Y-1C000151,ARL8B32A,FALSE,Regular; VMX,R,18,TRUE,TRUE,Don't Care
DR28-Frenzy-Y-1C000152,ARL8B32A,FALSE,Decap,R,18,TRUE,TRUE,Don't Care
DR28-Frenzy-X-1C000153,ARL8B32A,FALSE,Regular,R,18,TRUE,TRUE,Don't Care
DR28-FRM-AddDY-1C000190,ARL8B32A,FALSE,Regular,R,18,TRUE,TRUE,Don't Care
DR28-FRM-DivDY-1C000191,ARL8B32A,FALSE,Regular,R,18,TRUE,TRUE,Don't Care
DR28-FRM-MMulHDY-1C000192,ARL8B32A,FALSE,Regular; VMX,R,18,TRUE,TRUE,Don't Care
DR28-FRM-ScatrDY-1C00018F,ARL8B32A,FALSE,Regular,R,18,TRUE,TRUE,Don't Care
DR28-Fuso-1C0001C0,ARL8B32A,FALSE,Regular,R,18,TRUE,TRUE,Don't Care
DR28-Kawachi-1C0001CF,ARL8B32A,FALSE,Regular,R,18,TRUE,TRUE,Don't Care
DR28-LeekSpin-Y-1C0001E4,ARL8B32A,FALSE,Decap,R,18,TRUE,TRUE,Don't Care
DR28-LeekSpin-X-1C0001E5,ARL8B32A,FALSE,Regular; VMX,R,18,TRUE,TRUE,Don't Care
DR28-Millet-CG-1C0001FE,ARL8B32A,FALSE,Regular,R,18,TRUE,TRUE,Don't Care
DR28-Oakley-LegX-1C00020D,ARL8B32A,FALSE,Regular,R,18,TRUE,TRUE,Don't Care
DR28-PlusOne-Ps-1C00022B,ARL8B32A,FALSE,Regular; VMX,R,18,TRUE,TRUE,Don't Care
DR28-Satsuma-Y-1C000245,ARL8B32A,FALSE,Regular,R,18,TRUE,TRUE,Don't Care
DR28-Scylla-SBFX-1C000254,ARL8B32A,FALSE,Decap; VMX,R,18,TRUE,TRUE,Don't Care
DR28-Skipper-Y-1C000263,ARL8B32A,FALSE,Decap,R,18,TRUE,TRUE,Don't Care
DR28-Twiddle-Y-1C000272,ARL8B32A,FALSE,Regular,R,18,TRUE,TRUE,Don't Care
DR28-Yakko-PsY-1C000286,ARL8B32A,FALSE,Decap,R,18,TRUE,TRUE,Don't Care
DR28-Yakko-MdY-1C000285,ARL8B32A,FALSE,Regular,R,18,TRUE,TRUE,Don't Care
DR28-Aes-FY-1C000005,ARL8B32A,FALSE,Decap; VMX,R,18,TRUE,TRUE,Don't Care
DR28-Blender-Y1J-1C000062,ARL8B32A,FALSE,Regular; VMX,R,18,TRUE,TRUE,Don't Care
DR28-Blender-Y1J-1C000055,ARL8B32A,FALSE,Regular; VMX,R,18,TRUE,TRUE,Don't Care
DR28-Blender-A1J-1C000056,ARL8B32A,FALSE,Regular,R,18,TRUE,TRUE,Don't Care
DR28-Blender-A1J-1C000057,ARL8B32A,FALSE,Regular; VMX,R,18,TRUE,TRUE,Don't Care
DR28-Blender-A1J-1C000058,ARL8B32A,FALSE,Decap,R,18,TRUE,TRUE,Don't Care
DR28-Blender-A1J-1C000059,ARL8B32A,FALSE,Regular,R,18,TRUE,TRUE,Don't Care
DR28-Blender-Y1J-1C00005A,ARL8B32A,FALSE,Regular,R,18,TRUE,TRUE,Don't Care
DR28-Blender-A1J-1C00005B,ARL8B32A,FALSE,Regular,R,18,TRUE,TRUE,Don't Care
DR28-Blender-A1J-1C00005C,ARL8B32A,FALSE,Regular,R,18,TRUE,TRUE,Don't Care
DR28-Blender-X1J-1C00005D,ARL8B32A,FALSE,Regular,R,18,TRUE,TRUE,Don't Care
DR28-Blender-Y1J-1C00005E,ARL8B32A,FALSE,Regular; VMX,R,18,TRUE,TRUE,Don't Care
DR28-Blender-X1J-1C00005F,ARL8B32A,FALSE,Regular,R,18,TRUE,TRUE,Don't Care
DR28-Blender-X1J-1C000060,ARL8B32A,FALSE,Regular,R,18,TRUE,TRUE,Don't Care
DR28-Blender-A1J-1C000061,ARL8B32A,FALSE,Decap,R,18,TRUE,TRUE,Don't Care
DR28-Ditto-SSAX-1C0000EC,ARL8B32A,FALSE,Regular,R,18,TRUE,TRUE,Don't Care
DR28-Ditto-SSCX-1C0000ED,ARL8B32A,FALSE,Regular; VMX,R,18,TRUE,TRUE,Don't Care
DR28-DittoMT-CG-1C000106,ARL8B32A,FALSE,Regular,R,18,TRUE,TRUE,Don't Care
DR28-EveGoogle-1C000116,ARL8B32A,FALSE,Regular,R,18,TRUE,TRUE,Don't Care
DR28-Fireworx-Y-1C000127,ARL8B32A,FALSE,Regular,R,18,TRUE,TRUE,Don't Care
DR28-Flipper-1C000137,ARL8B32A,FALSE,Regular; VMX,R,18,TRUE,TRUE,Don't Care
DR28-Frenzy-Y-1C000158,ARL8B32A,FALSE,Regular; VMX,R,18,TRUE,TRUE,Don't Care
DR28-Frenzy-Y-1C000155,ARL8B32A,FALSE,Regular,R,18,TRUE,TRUE,Don't Care
DR28-Frenzy-Y-1C000156,ARL8B32A,FALSE,Decap,R,18,TRUE,TRUE,Don't Care
DR28-Frenzy-X-1C000157,ARL8B32A,FALSE,Regular,R,18,TRUE,TRUE,Don't Care
DR28-FRM-AddSY-1C000194,ARL8B32A,FALSE,Regular,R,18,TRUE,TRUE,Don't Care
DR28-FRM-DivSY-1C000195,ARL8B32A,FALSE,Regular,R,18,TRUE,TRUE,Don't Care
DR28-FRM-MMulHSY-1C000196,ARL8B32A,FALSE,Regular; VMX,R,18,TRUE,TRUE,Don't Care
DR28-FRM-ScatrSY-1C000193,ARL8B32A,FALSE,Decap; VMX,R,18,TRUE,TRUE,Don't Care
DR28-Fuso-1C0001C1,ARL8B32A,FALSE,Decap,R,18,TRUE,TRUE,Don't Care
DR28-Kawachi-1C0001D0,ARL8B32A,FALSE,Regular; VMX,R,18,TRUE,TRUE,Don't Care
DR28-LeekSpin-Y-1C0001E6,ARL8B32A,FALSE,Regular; VMX,R,18,TRUE,TRUE,Don't Care
DR28-LeekSpin-X-1C0001E7,ARL8B32A,FALSE,Regular; VMX,R,18,TRUE,TRUE,Don't Care
DR28-Millet-RG-1C0001FF,ARL8B32A,FALSE,Regular; VMX,R,18,TRUE,TRUE,Don't Care
DR28-Oakley-LegX-1C00020E,ARL8B32A,FALSE,Regular,R,18,TRUE,TRUE,Don't Care
DR28-PlusOne-Mhd-1C00022C,ARL8B32A,FALSE,Regular; VMX,R,18,TRUE,TRUE,Don't Care
DR28-Satsuma-Y-1C000246,ARL8B32A,FALSE,Decap,R,18,TRUE,TRUE,Don't Care
DR28-Scylla-SBFY-1C000255,ARL8B32A,FALSE,Regular,R,18,TRUE,TRUE,Don't Care
DR28-Skipper-Y-1C000264,ARL8B32A,FALSE,Regular; VMX,R,18,TRUE,TRUE,Don't Care
DR28-Twiddle-3Y-1C000273,ARL8B32A,FALSE,Regular,R,18,TRUE,TRUE,Don't Care
DR28-Yakko-PdY-1C000288,ARL8B32A,FALSE,Regular,R,18,TRUE,TRUE,Don't Care
DR28-Yakko-MsY-1C000287,ARL8B32A,FALSE,Regular,R,18,TRUE,TRUE,Don't Care
DR28-Aes-DY-1C000006,ARL8B32A,FALSE,Regular,R,18,TRUE,TRUE,Don't Care
DR28-Blender-A1J-1C000070,ARL8B32A,FALSE,Regular; VMX,R,18,TRUE,TRUE,Don't Care
DR28-Blender-A1J-1C000063,ARL8B32A,FALSE,Decap,R,18,TRUE,TRUE,Don't Care
DR28-Blender-X1J-1C000064,ARL8B32A,FALSE,Regular; VMX,R,18,TRUE,TRUE,Don't Care
DR28-Blender-X1J-1C000065,ARL8B32A,FALSE,Regular; VMX,R,18,TRUE,TRUE,Don't Care
DR28-Blender-A1J-1C000066,ARL8B32A,FALSE,Regular; VMX,R,18,TRUE,TRUE,Don't Care
DR28-Blender-A1J-1C000067,ARL8B32A,FALSE,Regular,R,18,TRUE,TRUE,Don't Care
DR28-Blender-Y1J-1C000068,ARL8B32A,FALSE,Decap,R,18,TRUE,TRUE,Don't Care
DR28-Blender-Y1J-1C000069,ARL8B32A,FALSE,Regular,R,18,TRUE,TRUE,Don't Care
DR28-Blender-Y1J-1C00006A,ARL8B32A,FALSE,Regular,R,18,TRUE,TRUE,Don't Care
DR28-Blender-Y1J-1C00006B,ARL8B32A,FALSE,Decap,R,18,TRUE,TRUE,Don't Care
DR28-Blender-X1J-1C00006C,ARL8B32A,FALSE,Regular,R,18,TRUE,TRUE,Don't Care
DR28-Blender-A1J-1C00006D,ARL8B32A,FALSE,Regular,R,18,TRUE,TRUE,Don't Care
DR28-Blender-Y1J-1C00006E,ARL8B32A,FALSE,Regular; VMX,R,18,TRUE,TRUE,Don't Care
DR28-Blender-X1J-1C00006F,ARL8B32A,FALSE,Regular,R,18,TRUE,TRUE,Don't Care
DR28-Ditto-GCAG-1C0000EE,ARL8B32A,FALSE,Regular,R,18,TRUE,TRUE,Don't Care
DR28-Ditto-GCCG-1C0000EF,ARL8B32A,FALSE,Decap; VMX,R,18,TRUE,TRUE,Don't Care
DR28-DittoMT-CG-1C000107,ARL8B32A,FALSE,Decap,R,18,TRUE,TRUE,Don't Care
DR28-EveGoogle-1C000117,ARL8B32A,FALSE,Regular,R,18,TRUE,TRUE,Don't Care
DR28-Fireworx-Y-1C000128,ARL8B32A,FALSE,Decap,R,18,TRUE,TRUE,Don't Care
DR28-Flipper-1C000138,ARL8B32A,FALSE,Regular,R,18,TRUE,TRUE,Don't Care
DR28-Frenzy-Y-1C00015C,ARL8B32A,FALSE,Regular,R,18,TRUE,TRUE,Don't Care
DR28-Frenzy-Y-1C000159,ARL8B32A,FALSE,Regular,R,18,TRUE,TRUE,Don't Care
DR28-Frenzy-Y-1C00015A,ARL8B32A,FALSE,Regular,R,18,TRUE,TRUE,Don't Care
DR28-Frenzy-X-1C00015B,ARL8B32A,FALSE,Decap,R,18,TRUE,TRUE,Don't Care
DR28-FRM-CMultDY-1C000198,ARL8B32A,FALSE,Regular,R,18,TRUE,TRUE,Don't Care
DR28-FRM-SqrtDY-1C000199,ARL8B32A,FALSE,Regular; VMX,R,18,TRUE,TRUE,Don't Care
DR28-FRM-MMulSDY-1C00019A,ARL8B32A,FALSE,Regular; VMX,R,18,TRUE,TRUE,Don't Care
DR28-FRM-Tran4DY-1C000197,ARL8B32A,FALSE,Decap,R,18,TRUE,TRUE,Don't Care
DR28-Fuso-1C0001C2,ARL8B32A,FALSE,Regular; VMX,R,18,TRUE,TRUE,Don't Care
DR28-Kawachi-1C0001D1,ARL8B32A,FALSE,Regular,R,18,TRUE,TRUE,Don't Care
DR28-LeekSpin-Y-1C0001E8,ARL8B32A,FALSE,Regular,R,18,TRUE,TRUE,Don't Care
DR28-LeekSpin-X-1C0001E9,ARL8B32A,FALSE,Decap,R,18,TRUE,TRUE,Don't Care
DR28-Millet-CG-1C000200,ARL8B32A,FALSE,Regular,R,18,TRUE,TRUE,Don't Care
DR28-Oakley-LegX-1C00020F,ARL8B32A,FALSE,Regular,R,18,TRUE,TRUE,Don't Care
DR28-PlusOne-Mhs-1C00022D,ARL8B32A,FALSE,Decap,R,18,TRUE,TRUE,Don't Care
DR28-Satsuma-Y-1C000247,ARL8B32A,FALSE,Regular,R,18,TRUE,TRUE,Don't Care
DR28-Scylla-SBMG-1C000256,ARL8B32A,FALSE,Regular,R,18,TRUE,TRUE,Don't Care
DR28-Skipper-Y-1C000265,ARL8B32A,FALSE,Regular,R,18,TRUE,TRUE,Don't Care
DR28-Twiddle-Y-1C000274,ARL8B32A,FALSE,Regular,R,18,TRUE,TRUE,Don't Care
DR28-Yakko-PsY-1C00028A,ARL8B32A,FALSE,Decap,R,18,TRUE,TRUE,Don't Care
DR28-Yakko-MdY-1C000289,ARL8B32A,FALSE,Regular,R,18,TRUE,TRUE,Don't Care
DR28-Aes-FY-1C000007,ARL8B32A,FALSE,Regular,R,18,TRUE,TRUE,Don't Care
DR28-Blender-X1J-1C00007E,ARL8B32A,FALSE,Regular,R,18,TRUE,TRUE,Don't Care
DR28-Blender-A1J-1C000071,ARL8B32A,FALSE,Decap,R,18,TRUE,TRUE,Don't Care
